model_name,MF_type,MF_num,learning_rate,batch_size,num_epochs,train_MSE,train_MAE,train_RMSE,train_R2,val_MSE,val_MAE,val_RMSE,val_R2,training_time
model 1,Gaussian,3,0.0001,128,250,7.237426280975342,2.666116714477539,2.69024658203125,-1.9540257453918457,7.184288024902344,2.656508445739746,2.680352210998535,-1.9100360870361328,29.682027101516724
model 2,Gaussian,4,0.0001,128,250,6.353079319000244,2.494676351547241,2.52053165435791,-1.5930747985839844,6.282697677612305,2.4808168411254883,2.506531000137329,-1.544842004776001,93.45081543922424
model 3,Gaussian,5,0.0001,128,250,7.53275203704834,2.7251791954040527,2.7445859909057617,-2.0745632648468018,7.467348098754883,2.713808298110962,2.73264479637146,-2.024691104888916,229.52805376052856
model 4,Generalized Bell,3,0.0001,128,250,6.636107444763184,2.552720546722412,2.576064348220825,-1.7085978984832764,6.574419975280762,2.541435956954956,2.56406307220459,-1.6630055904388428,31.249991416931152
model 5,Generalized Bell,4,0.0001,128,250,7.597511291503906,2.735689163208008,2.7563583850860596,-2.101012706756592,7.536808490753174,2.7253620624542236,2.7453248500823975,-2.0528266429901123,102.60041332244873
model 6,Generalized Bell,5,0.0001,128,250,6.327295303344727,2.490274667739868,2.515411615371704,-1.5825469493865967,6.3040642738342285,2.4858572483062744,2.510789632797241,-1.5534965991973877,229.5348744392395
model 7,Smoothed Triangular,3,0.0001,128,250,16.981407165527344,3.4707047939300537,4.120850086212158,-5.931147575378418,17.64148712158203,3.5647130012512207,4.200177192687988,-6.145782947540283,33.10219144821167
model 8,Smoothed Triangular,4,0.0001,128,250,20.5584774017334,4.255403518676758,4.534145832061768,-7.391140937805176,20.729551315307617,4.273260593414307,4.552971839904785,-7.396620750427246,99.61704683303833
model 9,Smoothed Triangular,5,0.0001,128,250,20.065195083618164,4.18949031829834,4.479419231414795,-7.189797401428223,20.207828521728516,4.202894687652588,4.495311737060547,-7.185294151306152,224.80112218856812
model 10,Gaussian,3,0.0005,128,250,0.1055273786187172,0.2626936137676239,0.32484978437423706,0.9569277763366699,0.10239635407924652,0.2549758851528168,0.3199943006038666,0.9585238099098206,30.36694049835205
model 11,Gaussian,4,0.0005,128,250,0.10389591753482819,0.2607954442501068,0.3223288953304291,0.9575937986373901,0.10057094693183899,0.25368577241897583,0.3171292245388031,0.9592632055282593,101.15045404434204
model 12,Gaussian,5,0.0005,128,250,0.099264957010746,0.2542478144168854,0.3150634169578552,0.9594838619232178,0.0946689173579216,0.24574905633926392,0.30768314003944397,0.9616538286209106,257.7012436389923
model 13,Generalized Bell,3,0.0005,128,250,0.09943515807390213,0.254251092672348,0.31533339619636536,0.9594144225120544,0.09507326036691666,0.24566085636615753,0.30833950638771057,0.9614900350570679,32.0329225063324
model 14,Generalized Bell,4,0.0005,128,250,0.0953819677233696,0.24906331300735474,0.30883970856666565,0.961068868637085,0.09201376885175705,0.24301210045814514,0.3033377230167389,0.9627293348312378,105.26737356185913
model 15,Generalized Bell,5,0.0005,128,250,0.1001882329583168,0.25463494658470154,0.31652525067329407,0.959106981754303,0.09702760726213455,0.24780435860157013,0.31149256229400635,0.9606984257698059,250.85217547416687
model 16,Smoothed Triangular,3,0.0005,128,250,17.23542022705078,3.93380069732666,4.151556491851807,-6.034825801849365,17.418621063232422,3.9524269104003906,4.173562049865723,-6.0555100440979,33.20424699783325
model 17,Smoothed Triangular,4,0.0005,128,250,0.10718837380409241,0.2646228075027466,0.32739636301994324,0.9562499523162842,0.10430076718330383,0.25835710763931274,0.32295629382133484,0.9577524065971375,105.01764178276062
model 18,Smoothed Triangular,5,0.0005,128,250,10.811521530151367,3.1691439151763916,3.288087844848633,-3.4128308296203613,10.916988372802734,3.181459903717041,3.304086685180664,-3.4219870567321777,243.88342428207397
model 19,Gaussian,3,0.001,128,250,0.1004379466176033,0.2564355134963989,0.3169194757938385,0.9590051174163818,0.09773890674114227,0.24894589185714722,0.3126322329044342,0.9604102969169617,30.060165882110596
model 20,Gaussian,4,0.001,128,250,0.09851042181253433,0.2540159821510315,0.31386369466781616,0.959791898727417,0.09557569026947021,0.2465551793575287,0.30915316939353943,0.9612865447998047,101.20057487487793
model 21,Gaussian,5,0.001,128,250,0.0938064381480217,0.24817776679992676,0.30627837777137756,0.9617120027542114,0.09068474918603897,0.24266067147254944,0.30113908648490906,0.9632676243782043,245.70169019699097
model 22,Generalized Bell,3,0.001,128,250,0.09665589034557343,0.25091978907585144,0.31089529395103455,0.9605488777160645,0.09225422143936157,0.2437061220407486,0.30373379588127136,0.9626319408416748,31.74036955833435
model 23,Generalized Bell,4,0.001,128,250,0.098406583070755,0.2536800801753998,0.3136982321739197,0.9598343372344971,0.09557746350765228,0.2467668205499649,0.30915606021881104,0.9612858295440674,104.07923674583435
model 24,Generalized Bell,5,0.001,128,250,0.097272589802742,0.25128206610679626,0.3118855357170105,0.9602972269058228,0.09300399571657181,0.2436712384223938,0.3049655556678772,0.9623281955718994,237.35036969184875
model 25,Smoothed Triangular,3,0.001,128,250,7.580735683441162,2.7160041332244873,2.7533135414123535,-2.0941457748413086,7.577503204345703,2.7169973850250244,2.7527265548706055,-2.069310188293457,33.71686053276062
model 26,Smoothed Triangular,4,0.001,128,250,6.2211151123046875,2.456719398498535,2.4942164421081543,-1.539210557937622,6.188477516174316,2.4495787620544434,2.4876651763916016,-1.5066773891448975,104.64775562286377
model 27,Smoothed Triangular,5,0.001,128,250,0.10462071746587753,0.2615869343280792,0.3234512507915497,0.9572979211807251,0.10093725472688675,0.2547141909599304,0.31770622730255127,0.9591147899627686,256.25896310806274
model 28,Gaussian,3,0.0001,32,250,0.10409065335988998,0.25902053713798523,0.3226308226585388,0.9575141072273254,0.10240833461284637,0.25418615341186523,0.32001301646232605,0.9585189819335938,58.16636347770691
model 29,Gaussian,4,0.0001,32,250,0.10354874283075333,0.2602488696575165,0.3217898905277252,0.9577357769012451,0.10038815438747406,0.2533724904060364,0.31684088706970215,0.9593372941017151,101.67378878593445
model 30,Gaussian,5,0.0001,32,250,0.10150241106748581,0.25597167015075684,0.31859442591667175,0.9585708379745483,0.09578637778759003,0.24640609323978424,0.309493750333786,0.9612012505531311,191.79949975013733
model 31,Generalized Bell,3,0.0001,32,250,0.10590028017759323,0.263135701417923,0.3254232406616211,0.9567756652832031,0.10271608829498291,0.25639572739601135,0.32049351930618286,0.9583943486213684,62.414809465408325
model 32,Generalized Bell,4,0.0001,32,250,0.09722277522087097,0.2514726221561432,0.3118056654930115,0.9603174328804016,0.0935884639620781,0.2437724620103836,0.30592232942581177,0.9620915055274963,108.41977977752686
model 33,Generalized Bell,5,0.0001,32,250,0.09634814411401749,0.2496761828660965,0.31039997935295105,0.9606743454933167,0.09160546958446503,0.2428109496831894,0.3026639521121979,0.9628947377204895,201.65143275260925
model 34,Smoothed Triangular,3,0.0001,32,250,20.55847930908203,4.255403518676758,4.534145832061768,-7.391148567199707,20.72954750061035,4.273260116577148,4.552971363067627,-7.396605491638184,66.54723691940308
model 35,Smoothed Triangular,4,0.0001,32,250,17.7010555267334,3.938293695449829,4.20726203918457,-6.224903106689453,17.694889068603516,3.935580253601074,4.206529140472412,-6.167402267456055,117.90908288955688
model 36,Smoothed Triangular,5,0.0001,32,250,10.041905403137207,3.0200564861297607,3.1688966751098633,-3.0987138748168945,10.13681411743164,3.038837432861328,3.1838364601135254,-3.1059670448303223,211.2843999862671
model 37,Gaussian,3,0.0005,32,250,0.09930716454982758,0.25427526235580444,0.3151303827762604,0.9594668745994568,0.09438563138246536,0.24606887996196747,0.307222455739975,0.961768627166748,59.11675667762756
model 38,Gaussian,4,0.0005,32,250,0.09763693064451218,0.25204601883888245,0.31246909499168396,0.9601483941078186,0.09359222650527954,0.24393288791179657,0.30592846870422363,0.962090015411377,103.05152153968811
model 39,Gaussian,5,0.0005,32,250,0.09757207334041595,0.2525082528591156,0.3123652935028076,0.9601749181747437,0.09414128959178925,0.24517199397087097,0.30682453513145447,0.96186763048172,190.40144181251526
model 40,Generalized Bell,3,0.0005,32,250,0.09902798384428024,0.2547014653682709,0.3146871328353882,0.9595808982849121,0.096226267516613,0.2480054646730423,0.31020358204841614,0.9610230922698975,62.72499942779541
model 41,Generalized Bell,4,0.0005,32,250,0.09791462123394012,0.2523530125617981,0.31291311979293823,0.9600350856781006,0.09416767209768295,0.2451046109199524,0.3068675100803375,0.9618569016456604,108.38375568389893
model 42,Generalized Bell,5,0.0005,32,250,0.09420003741979599,0.2480710744857788,0.30692026019096375,0.961551308631897,0.09190904349088669,0.24477843940258026,0.3031650483608246,0.9627717733383179,200.2514100074768
model 43,Smoothed Triangular,3,0.0005,32,250,0.106500543653965,0.26396527886390686,0.32634422183036804,0.9565306901931763,0.10344772040843964,0.25714266300201416,0.32163289189338684,0.9580979943275452,68.29347133636475
model 44,Smoothed Triangular,4,0.0005,32,250,20.558387756347656,4.255395889282227,4.534135818481445,-7.391132354736328,20.72946548461914,4.273251533508301,4.552962303161621,-7.396572113037109,117.96694087982178
model 45,Smoothed Triangular,5,0.0005,32,250,20.558298110961914,4.255387306213379,4.534125804901123,-7.391088485717773,20.729372024536133,4.273242950439453,4.552951812744141,-7.3965349197387695,209.39859127998352
model 46,Gaussian,3,0.001,32,250,0.09709448367357254,0.25166794657707214,0.31159988045692444,0.9603697061538696,0.09338723868131638,0.24460306763648987,0.30559325218200684,0.9621730446815491,58.6506233215332
model 47,Gaussian,4,0.001,32,250,0.09787642955780029,0.2529318630695343,0.31285208463668823,0.9600507616996765,0.09407595545053482,0.24498969316482544,0.30671805143356323,0.9618940353393555,102.74870085716248
model 48,Gaussian,5,0.001,32,250,0.09837765246629715,0.2534198462963104,0.3136521279811859,0.959845781326294,0.09542137384414673,0.24653758108615875,0.3089035153388977,0.9613491296768188,191.99154448509216
model 49,Generalized Bell,3,0.001,32,250,0.0991063192486763,0.2545456886291504,0.3148115575313568,0.9595486521720886,0.09695124626159668,0.24887052178382874,0.31136995553970337,0.9607294201850891,61.91729378700256
model 50,Generalized Bell,4,0.001,32,250,0.096399687230587,0.25053614377975464,0.3104829788208008,0.9606533646583557,0.09265781193971634,0.24368193745613098,0.30439746379852295,0.9624685049057007,109.61949133872986
model 51,Generalized Bell,5,0.001,32,250,0.09511901438236237,0.24923817813396454,0.30841371417045593,0.9611764550209045,0.09145145863294601,0.24238978326320648,0.30240941047668457,0.9629571437835693,199.23453664779663
model 52,Smoothed Triangular,3,0.001,32,250,0.48115500807762146,0.5689285397529602,0.693653404712677,0.8036117553710938,0.45085224509239197,0.551499605178833,0.6714553236961365,0.8173800706863403,68.60875272750854
model 53,Smoothed Triangular,4,0.001,32,250,20.558290481567383,4.255387306213379,4.534125328063965,-7.391105651855469,20.729366302490234,4.273242473602295,4.552951335906982,-7.396533012390137,117.69743299484253
model 54,Smoothed Triangular,5,0.001,32,250,0.10651303082704544,0.2639860510826111,0.32636335492134094,0.9565256237983704,0.10348998010158539,0.2570696175098419,0.3216985762119293,0.9580808877944946,208.94200015068054
model 55,Gaussian,3,0.0001,64,250,0.40813231468200684,0.5439125299453735,0.6388523578643799,0.8334176540374756,0.39412978291511536,0.5317038297653198,0.627797544002533,0.8403555154800415,37.53830933570862
model 56,Gaussian,4,0.0001,64,250,1.243921160697937,1.067623496055603,1.115312099456787,0.4922819137573242,1.2089062929153442,1.0532898902893066,1.0995028018951416,0.5103257894515991,83.20035076141357
model 57,Gaussian,5,0.0001,64,250,1.2732791900634766,1.082664132118225,1.12839674949646,0.4802970886230469,1.2413997650146484,1.0690423250198364,1.1141811609268188,0.4971640706062317,204.8515167236328
model 58,Generalized Bell,3,0.0001,64,250,0.3529602289199829,0.5181756615638733,0.5941045880317688,0.8559359908103943,0.33415937423706055,0.5042985677719116,0.5780652165412903,0.8646469116210938,40.34807562828064
model 59,Generalized Bell,4,0.0001,64,250,1.2276889085769653,1.0598891973495483,1.108011245727539,0.4989076852798462,1.194372296333313,1.0456745624542236,1.092873454093933,0.5162128210067749,87.96699452400208
model 60,Generalized Bell,5,0.0001,64,250,1.2961686849594116,1.0913933515548706,1.1384940147399902,0.4709557890892029,1.2612226009368896,1.0779246091842651,1.1230416297912598,0.4891347289085388,216.70203518867493
model 61,Smoothed Triangular,3,0.0001,64,250,12.574329376220703,2.6806559562683105,3.546030044555664,-4.132342338562012,13.029510498046875,2.717787265777588,3.6096413135528564,-4.277676105499268,43.35042476654053
model 62,Smoothed Triangular,4,0.0001,64,250,4.448344707489014,1.3880388736724854,2.109109878540039,-0.8156465291976929,4.793674468994141,1.4280824661254883,2.189446210861206,-0.9417046308517456,90.90089631080627
model 63,Smoothed Triangular,5,0.0001,64,250,18.966474533081055,4.069335460662842,4.355051517486572,-6.741368770599365,19.193023681640625,4.092117786407471,4.380984306335449,-6.7742414474487305,209.84381675720215
model 64,Gaussian,3,0.0005,64,250,0.10009756684303284,0.2556309401988983,0.3163819909095764,0.959144115447998,0.09539511799812317,0.24743695557117462,0.30886098742485046,0.9613596796989441,38.23035407066345
model 65,Gaussian,4,0.0005,64,250,0.10132744163274765,0.25749126076698303,0.318319708108902,0.9586423635482788,0.09696502983570099,0.24980030953884125,0.3113920986652374,0.9607237577438354,84.88354825973511
model 66,Gaussian,5,0.0005,64,250,0.09912286698818207,0.25445809960365295,0.31483784317970276,0.9595420360565186,0.09604187309741974,0.24670831859111786,0.3099062442779541,0.9610977172851562,210.0977005958557
model 67,Generalized Bell,3,0.0005,64,250,0.09823326766490936,0.2524179518222809,0.3134218752384186,0.9599050879478455,0.0940483808517456,0.24595585465431213,0.3066730797290802,0.9619051814079285,40.590757846832275
model 68,Generalized Bell,4,0.0005,64,250,0.10633315145969391,0.2637535035610199,0.3260876536369324,0.9565989971160889,0.10321693122386932,0.25699496269226074,0.32127392292022705,0.9581913948059082,87.41725206375122
model 69,Generalized Bell,5,0.0005,64,250,0.09696587175130844,0.25164344906806946,0.3113934397697449,0.9604224562644958,0.09301433712244034,0.24423709511756897,0.3049825131893158,0.9623240232467651,226.3358416557312
model 70,Smoothed Triangular,3,0.0005,64,250,0.10666835308074951,0.26412397623062134,0.32660120725631714,0.9564620852470398,0.10357802361249924,0.2574341297149658,0.32183539867401123,0.9580451250076294,43.9549605846405
model 71,Smoothed Triangular,4,0.0005,64,250,1.1058419942855835,0.9987438321113586,1.0515902042388916,0.5486376881599426,1.0730911493301392,0.9840593338012695,1.0359010696411133,0.5653383731842041,91.32635617256165
model 72,Smoothed Triangular,5,0.0005,64,250,3.5133774280548096,1.8128865957260132,1.8744004964828491,-0.4340190887451172,3.488983392715454,1.8055696487426758,1.8678820133209229,-0.4132322072982788,225.86060547828674
model 73,Gaussian,3,0.001,64,250,0.09984010457992554,0.255611389875412,0.3159748613834381,0.9592491388320923,0.09679734706878662,0.248104527592659,0.31112271547317505,0.9607917070388794,38.69315695762634
model 74,Gaussian,4,0.001,64,250,0.09834755212068558,0.25343653559684753,0.3136041462421417,0.9598582983016968,0.09387382864952087,0.2458983063697815,0.30638834834098816,0.9619758725166321,85.15070748329163
model 75,Gaussian,5,0.001,64,250,0.09859199821949005,0.2539743483066559,0.3139936327934265,0.9597586989402771,0.09548960626125336,0.24687378108501434,0.3090139329433441,0.9613214135169983,231.97872519493103
model 76,Generalized Bell,3,0.001,64,250,0.09646447002887726,0.2506639361381531,0.3105872869491577,0.9606268405914307,0.09219025820493698,0.24333146214485168,0.30362847447395325,0.9626578092575073,41.333181381225586
model 77,Generalized Bell,4,0.001,64,250,0.09786834567785263,0.2531953454017639,0.31283918023109436,0.9600541591644287,0.09401450306177139,0.2463626265525818,0.3066178560256958,0.9619188904762268,89.1024534702301
model 78,Generalized Bell,5,0.001,64,250,0.0960313081741333,0.2502974569797516,0.30988919734954834,0.9608036279678345,0.09217426180839539,0.2436039298772812,0.3036021292209625,0.9626643061637878,248.73711228370667
model 79,Smoothed Triangular,3,0.001,64,250,0.10647932440042496,0.2639741003513336,0.32631170749664307,0.9565394520759583,0.10348162055015564,0.257221519947052,0.3216855823993683,0.9580841660499573,43.86676740646362
model 80,Smoothed Triangular,4,0.001,64,250,0.10632099956274033,0.2637332081794739,0.3260689973831177,0.9566041827201843,0.10336683690547943,0.2568284571170807,0.32150712609291077,0.9581306576728821,92.02677893638611
model 81,Smoothed Triangular,5,0.001,64,250,0.10653112828731537,0.2639400362968445,0.3263910710811615,0.9565181732177734,0.10337283462285995,0.2571565508842468,0.3215164542198181,0.9581282734870911,238.099707365036
model 82,Gaussian,3,0.0001,128,500,0.3699679970741272,0.4993034601211548,0.6082499623298645,0.8489941358566284,0.3588702976703644,0.4935961067676544,0.5990578532218933,0.8546375632286072,59.19986176490784
model 83,Gaussian,4,0.0001,128,500,0.86558997631073,0.8747024536132812,0.9303708672523499,0.6467007994651794,0.8402037024497986,0.8632111549377441,0.9166262745857239,0.6596708297729492,260.0671696662903
model 84,Gaussian,5,0.0001,128,500,0.9002186059951782,0.8940443396568298,0.9487984776496887,0.6325661540031433,0.8756787180900574,0.8830649256706238,0.9357770681381226,0.6453014612197876,709.2887649536133
model 85,Generalized Bell,3,0.0001,128,500,0.7529188394546509,0.7976908087730408,0.8677089810371399,0.6926881670951843,0.729435920715332,0.7869221568107605,0.8540701866149902,0.7045378684997559,63.100362062454224
model 86,Generalized Bell,4,0.0001,128,500,0.65360027551651,0.7368718385696411,0.8084554672241211,0.7332254648208618,0.6285747289657593,0.7261578440666199,0.7928270697593689,0.7453923225402832,287.99510526657104
model 87,Generalized Bell,5,0.0001,128,500,0.6716339588165283,0.7069370150566101,0.8195327520370483,0.7258663177490234,0.6745221018791199,0.7084994912147522,0.8212929368019104,0.7267810106277466,780.2744286060333
model 88,Smoothed Triangular,3,0.0001,128,500,18.44705581665039,3.994157075881958,4.295003414154053,-6.5293869972229,18.68535804748535,4.021780490875244,4.322656154632568,-6.56860876083374,64.85064601898193
model 89,Smoothed Triangular,4,0.0001,128,500,8.096542358398438,1.6629905700683594,2.845442295074463,-2.3046875,8.452452659606934,1.6792690753936768,2.9073102474212646,-2.423713445663452,254.13289070129395
model 90,Smoothed Triangular,5,0.0001,128,500,14.649559020996094,3.0445992946624756,3.8274741172790527,-4.979368686676025,14.734050750732422,3.0297112464904785,3.838495969772339,-4.968109607696533,638.6165578365326
model 91,Gaussian,3,0.0005,128,500,0.1041140928864479,0.260336697101593,0.3226671516895294,0.9575047492980957,0.09877301007509232,0.2522917091846466,0.31428173184394836,0.959991455078125,61.27646780014038
model 92,Gaussian,4,0.0005,128,500,0.09799192100763321,0.25240254402160645,0.31303662061691284,0.9600034952163696,0.09407700598239899,0.24417562782764435,0.30671975016593933,0.9618935585021973,295.7020366191864
model 93,Gaussian,5,0.0005,128,500,0.0903778001666069,0.24465908110141754,0.30062901973724365,0.9631114602088928,0.08796956390142441,0.2409411519765854,0.2965966463088989,0.9643674492835999,826.7486279010773
model 94,Generalized Bell,3,0.0005,128,500,0.10134474188089371,0.25704729557037354,0.31834688782691956,0.958635151386261,0.09676790982484818,0.24888791143894196,0.3110754191875458,0.9608036279678345,64.43387174606323
model 95,Generalized Bell,4,0.0005,128,500,0.09212584793567657,0.2431555539369583,0.30352240800857544,0.9623978734016418,0.08928259462118149,0.2384888231754303,0.2988019287586212,0.963835597038269,302.3282244205475
model 96,Generalized Bell,5,0.0005,128,500,0.0965227410197258,0.25052228569984436,0.3106811046600342,0.9606032967567444,0.09269046783447266,0.24391132593154907,0.3044510781764984,0.9624552130699158,848.766387462616
model 97,Smoothed Triangular,3,0.0005,128,500,20.55845832824707,4.255402565002441,4.534143447875977,-7.3911542892456055,20.729536056518555,4.273259162902832,4.552969932556152,-7.396614074707031,65.62619304656982
model 98,Smoothed Triangular,4,0.0005,128,500,4.625575542449951,2.1099400520324707,2.1507151126861572,-0.8879749774932861,4.605055809020996,2.104602813720703,2.145939350128174,-0.865303635597229,307.080899477005
model 99,Smoothed Triangular,5,0.0005,128,500,0.10648760199546814,0.26383304595947266,0.32632437348365784,0.956536054611206,0.10340020060539246,0.25721457600593567,0.32155901193618774,0.9581171870231628,920.4408805370331
model 100,Gaussian,3,0.001,128,500,0.09720317274332047,0.25115782022476196,0.31177422404289246,0.9603254795074463,0.0927349403500557,0.243229478597641,0.30452412366867065,0.9624372124671936,61.39994215965271
model 101,Gaussian,4,0.001,128,500,0.0963856503367424,0.2513766586780548,0.3104603886604309,0.9606592655181885,0.09249378740787506,0.2449684590101242,0.30412790179252625,0.9625348448753357,328.67236399650574
model 102,Gaussian,5,0.001,128,500,0.09900548309087753,0.25427091121673584,0.31465137004852295,0.9595898389816284,0.09486809372901917,0.24628929793834686,0.3080066442489624,0.9615731239318848,942.4931147098541
model 103,Generalized Bell,3,0.001,128,500,0.09669695049524307,0.25114819407463074,0.3109613358974457,0.9605320692062378,0.09278908371925354,0.24391166865825653,0.30461299419403076,0.9624152779579163,64.6500449180603
model 104,Generalized Bell,4,0.001,128,500,0.09628951549530029,0.25028476119041443,0.31030550599098206,0.9606984853744507,0.09224450588226318,0.24318146705627441,0.30371779203414917,0.96263587474823,343.33748412132263
model 105,Generalized Bell,5,0.001,128,500,0.0950193703174591,0.24823400378227234,0.30825212597846985,0.9612168669700623,0.09248527884483337,0.2443830668926239,0.3041139245033264,0.9625383019447327,950.3975696563721
model 106,Smoothed Triangular,3,0.001,128,500,4.570643424987793,2.103184461593628,2.137906312942505,-0.8655554056167603,4.525455951690674,2.0936479568481445,2.127311944961548,-0.8330613374710083,68.28358006477356
model 107,Smoothed Triangular,4,0.001,128,500,0.10289999097585678,0.2599317729473114,0.32078027725219727,0.9580003023147583,0.09895879030227661,0.25228583812713623,0.3145771622657776,0.9599161744117737,327.176917552948
model 108,Smoothed Triangular,5,0.001,128,500,0.10406216979026794,0.2611770033836365,0.32258668541908264,0.9575260281562805,0.10056725144386292,0.2539862394332886,0.3171234130859375,0.9592646956443787,907.1228454113007
model 109,Gaussian,3,0.0001,32,500,0.10404270887374878,0.2607991695404053,0.3225565254688263,0.9575337171554565,0.10013030469417572,0.253478080034256,0.31643372774124146,0.9594417214393616,117.42498111724854
model 110,Gaussian,4,0.0001,32,500,0.10194015502929688,0.25817254185676575,0.3192806839942932,0.9583920240402222,0.09846780449151993,0.25095799565315247,0.313795804977417,0.9601151347160339,210.43484354019165
model 111,Gaussian,5,0.0001,32,500,0.09593604505062103,0.25146380066871643,0.3097354471683502,0.9608427882194519,0.09044771641492844,0.24228282272815704,0.30074527859687805,0.9633637070655823,390.8276665210724
model 112,Generalized Bell,3,0.0001,32,500,0.09924198687076569,0.2541508972644806,0.3150269687175751,0.9594934582710266,0.09595417976379395,0.2466001659631729,0.30976471304893494,0.9611333012580872,126.47452807426453
model 113,Generalized Bell,4,0.0001,32,500,0.0985131785273552,0.25168439745903015,0.31386810541152954,0.9597908854484558,0.09466562420129776,0.24433386325836182,0.3076778054237366,0.9616551995277405,223.5850522518158
model 114,Generalized Bell,5,0.0001,32,500,0.10168220847845078,0.25760358572006226,0.3188764750957489,0.9584972858428955,0.09858936816453934,0.24959444999694824,0.31398943066596985,0.9600659012794495,408.81721687316895
model 115,Smoothed Triangular,3,0.0001,32,500,14.197389602661133,3.5768537521362305,3.767942428588867,-4.794829845428467,14.371938705444336,3.595780372619629,3.791033983230591,-4.821424961090088,134.1071138381958
model 116,Smoothed Triangular,4,0.0001,32,500,0.10643891245126724,0.26380330324172974,0.32624977827072144,0.9565558433532715,0.10348416864871979,0.25715669989585876,0.32168954610824585,0.9580832123756409,237.6452522277832
model 117,Smoothed Triangular,5,0.0001,32,500,0.15417668223381042,0.27959468960762024,0.39265337586402893,0.9370712041854858,0.1663530468940735,0.277084082365036,0.4078640043735504,0.9326179027557373,425.6722893714905
model 118,Gaussian,3,0.0005,32,500,0.09789840131998062,0.2529357671737671,0.31288719177246094,0.960041880607605,0.09425469487905502,0.24501125514507294,0.3070092797279358,0.9618216753005981,115.16700911521912
model 119,Gaussian,4,0.0005,32,500,0.097199447453022,0.2521171271800995,0.3117682635784149,0.9603269696235657,0.09365641325712204,0.24513225257396698,0.30603334307670593,0.9620640277862549,214.73491096496582
model 120,Gaussian,5,0.0005,32,500,0.0978098064661026,0.2530973255634308,0.312745600938797,0.9600778818130493,0.09354284405708313,0.24552224576473236,0.30584773421287537,0.9621099829673767,389.5289113521576
model 121,Generalized Bell,3,0.0005,32,500,0.09628196060657501,0.2506389021873474,0.3102933466434479,0.9607014656066895,0.09215974062681198,0.2437085509300232,0.3035782277584076,0.9626702070236206,124.40483736991882
model 122,Generalized Bell,4,0.0005,32,500,0.09671399742364883,0.25131991505622864,0.31098875403404236,0.9605252742767334,0.09280616790056229,0.24394161999225616,0.3046410381793976,0.9624084234237671,222.80156445503235
model 123,Generalized Bell,5,0.0005,32,500,0.09567226469516754,0.24971213936805725,0.30930933356285095,0.9609505534172058,0.09203467518091202,0.2428082823753357,0.30337217450141907,0.9627208709716797,403.7335686683655
model 124,Smoothed Triangular,3,0.0005,32,500,0.10482850670814514,0.2616845667362213,0.3237723112106323,0.9572130441665649,0.1022467315196991,0.2548835277557373,0.31976044178009033,0.9585844278335571,137.99172830581665
model 125,Smoothed Triangular,4,0.0005,32,500,0.09532003849744797,0.2501221299171448,0.30873942375183105,0.9610942602157593,0.09260934591293335,0.24584951996803284,0.304317831993103,0.9624881148338318,239.8019518852234
model 126,Smoothed Triangular,5,0.0005,32,500,20.558116912841797,4.255368232727051,4.5341057777404785,-7.391048431396484,20.729185104370117,4.273225784301758,4.552931308746338,-7.396459579467773,422.2366840839386
model 127,Gaussian,3,0.001,32,500,0.09195146709680557,0.24625824391841888,0.3032349944114685,0.9624688029289246,0.08707316219806671,0.23797644674777985,0.29508161544799805,0.9647305607795715,115.82665586471558
model 128,Gaussian,4,0.001,32,500,0.09742392599582672,0.2524467706680298,0.31212806701660156,0.9602354764938354,0.09362974017858505,0.24519897997379303,0.3059897720813751,0.9620748162269592,212.46755409240723
model 129,Gaussian,5,0.001,32,500,0.09791836142539978,0.25320664048194885,0.31291911005973816,0.960033655166626,0.09401557594537735,0.24601960182189941,0.3066195845603943,0.9619185328483582,391.2530560493469
model 130,Generalized Bell,3,0.001,32,500,0.0971885472536087,0.25200602412223816,0.31175076961517334,0.9603312611579895,0.09341198951005936,0.24444180727005005,0.3056337535381317,0.9621630311012268,124.81093263626099
model 131,Generalized Bell,4,0.001,32,500,0.09007765352725983,0.2406293898820877,0.30012938380241394,0.9632338285446167,0.0879860371351242,0.23718255758285522,0.29662439227104187,0.9643608331680298,222.33521580696106
model 132,Generalized Bell,5,0.001,32,500,0.09607204794883728,0.25004109740257263,0.3099549114704132,0.9607874155044556,0.09248346090316772,0.2436295598745346,0.30411094427108765,0.9625391364097595,406.5512504577637
model 133,Smoothed Triangular,3,0.001,32,500,0.10411497950553894,0.2610940635204315,0.32266852259635925,0.957504391670227,0.10131899267435074,0.2545793652534485,0.31830644607543945,0.958960235118866,133.70078659057617
model 134,Smoothed Triangular,4,0.001,32,500,0.10379340499639511,0.26051464676856995,0.32216984033584595,0.9576356410980225,0.09967250376939774,0.25194257497787476,0.31570953130722046,0.9596271514892578,241.08532738685608
model 135,Smoothed Triangular,5,0.001,32,500,0.10648912191390991,0.2638706862926483,0.3263266980648041,0.956535279750824,0.10347558557987213,0.25718462467193604,0.32167622447013855,0.9580867290496826,424.4463918209076
model 136,Gaussian,3,0.0001,64,500,0.10790994763374329,0.26412421464920044,0.3284964859485626,0.9559555649757385,0.1051936224102974,0.25857648253440857,0.32433566451072693,0.9573907256126404,74.50268650054932
model 137,Gaussian,4,0.0001,64,500,0.10021061450242996,0.2536765933036804,0.3165605962276459,0.9590981006622314,0.09484617412090302,0.2442893087863922,0.3079710602760315,0.9615820050239563,168.87661480903625
model 138,Gaussian,5,0.0001,64,500,0.09683933109045029,0.2543599009513855,0.3111901879310608,0.9604739546775818,0.09483271092176437,0.24879151582717896,0.3079492151737213,0.9615874886512756,520.2707257270813
model 139,Generalized Bell,3,0.0001,64,500,0.10102773457765579,0.25723397731781006,0.3178485929965973,0.9587645530700684,0.09678608179092407,0.25060251355171204,0.3111046254634857,0.9607962369918823,79.21712851524353
model 140,Generalized Bell,4,0.0001,64,500,0.10502223670482635,0.25842416286468506,0.32407134771347046,0.9571340680122375,0.10150165855884552,0.2526882588863373,0.31859326362609863,0.9588862061500549,179.21918153762817
model 141,Generalized Bell,5,0.0001,64,500,0.10425573587417603,0.2565290629863739,0.32288655638694763,0.9574471116065979,0.09752745926380157,0.24770033359527588,0.3122938573360443,0.9604959487915039,541.3708574771881
model 142,Smoothed Triangular,3,0.0001,64,500,0.10686729848384857,0.2641654312610626,0.32690563797950745,0.9563807845115662,0.10389822721481323,0.25784581899642944,0.3223324716091156,0.9579154253005981,86.11384391784668
model 143,Smoothed Triangular,4,0.0001,64,500,20.55846405029297,4.255402088165283,4.534144401550293,-7.391122817993164,20.72953987121582,4.273259162902832,4.5529704093933105,-7.396615982055664,184.59912872314453
model 144,Smoothed Triangular,5,0.0001,64,500,0.2873568832874298,0.3198293149471283,0.5360568165779114,0.8827124238014221,0.24250587821006775,0.2980402410030365,0.4924488663673401,0.9017716646194458,534.4378485679626
model 145,Gaussian,3,0.0005,64,500,0.09903062134981155,0.2546776533126831,0.31469130516052246,0.9595797061920166,0.09582137316465378,0.24760189652442932,0.30955028533935547,0.9611870050430298,74.473313331604
model 146,Gaussian,4,0.0005,64,500,0.09701208025217056,0.25207555294036865,0.31146761775016785,0.960403561592102,0.09418817609548569,0.24640709161758423,0.30690091848373413,0.9618485569953918,170.6182246208191
model 147,Gaussian,5,0.0005,64,500,0.09644784033298492,0.25092434883117676,0.31056052446365356,0.9606338143348694,0.09237486869096756,0.24371905624866486,0.3039323389530182,0.962583065032959,545.578104019165
model 148,Generalized Bell,3,0.0005,64,500,0.09663841873407364,0.2507249712944031,0.31086719036102295,0.960555911064148,0.09272149205207825,0.24374817311763763,0.30450204014778137,0.9624426364898682,80.95030641555786
model 149,Generalized Bell,4,0.0005,64,500,0.09592178463935852,0.2503816783428192,0.30971240997314453,0.9608487486839294,0.09217124432325363,0.24331098794937134,0.30359718203544617,0.9626654982566833,178.99565243721008
model 150,Generalized Bell,5,0.0005,64,500,0.09677594900131226,0.25186169147491455,0.31108832359313965,0.9604998826980591,0.09346507489681244,0.24426409602165222,0.30572059750556946,0.9621414542198181,558.8709537982941
model 151,Smoothed Triangular,3,0.0005,64,500,20.558433532714844,4.255400657653809,4.5341410636901855,-7.391143798828125,20.729515075683594,4.273257732391357,4.552967548370361,-7.3966064453125,85.53393411636353
model 152,Smoothed Triangular,4,0.0005,64,500,0.10609366744756699,0.2655334174633026,0.3257202208042145,0.9566966891288757,0.10147857666015625,0.2570740580558777,0.3185570240020752,0.9588955640792847,184.71739530563354
model 153,Smoothed Triangular,5,0.0005,64,500,0.10398190468549728,0.2607591450214386,0.322462260723114,0.9575585126876831,0.10005021095275879,0.2524564266204834,0.3163071572780609,0.9594740867614746,540.2291703224182
model 154,Gaussian,3,0.001,64,500,0.09854380041360855,0.25354593992233276,0.3139168620109558,0.9597780108451843,0.09581411629915237,0.24686437845230103,0.3095385432243347,0.9611899852752686,75.58364772796631
model 155,Gaussian,4,0.001,64,500,0.09741082042455673,0.2526780664920807,0.31210705637931824,0.9602406620979309,0.09333650022745132,0.2454032003879547,0.3055102229118347,0.9621935486793518,172.6487205028534
model 156,Gaussian,5,0.001,64,500,0.09699209779500961,0.2515123784542084,0.3114355504512787,0.9604116678237915,0.09319482743740082,0.24422046542167664,0.3052782714366913,0.9622508883476257,564.9372627735138
model 157,Generalized Bell,3,0.001,64,500,0.0979907363653183,0.2533889412879944,0.31303471326828003,0.9600040912628174,0.09503263980150223,0.2462911307811737,0.30827364325523376,0.9615064859390259,80.7198224067688
model 158,Generalized Bell,4,0.001,64,500,0.09663255512714386,0.25142955780029297,0.31085777282714844,0.9605585932731628,0.09305712580680847,0.2449790984392166,0.30505266785621643,0.9623066782951355,179.83360052108765
model 159,Generalized Bell,5,0.001,64,500,0.09488829970359802,0.24841763079166412,0.30803945660591125,0.9612705707550049,0.09110415726900101,0.241930291056633,0.3018346428871155,0.9630977511405945,603.28542304039
model 160,Smoothed Triangular,3,0.001,64,500,0.10325775295495987,0.25666895508766174,0.32133743166923523,0.9578543901443481,0.09896969795227051,0.25029146671295166,0.3145945072174072,0.9599117636680603,85.61725234985352
model 161,Smoothed Triangular,4,0.001,64,500,0.10368253290653229,0.2606244683265686,0.321997731924057,0.9576806426048279,0.10106262564659119,0.2553214728832245,0.3179034888744354,0.9590640068054199,187.0981945991516
model 162,Smoothed Triangular,5,0.001,64,500,0.10278003662824631,0.2599262297153473,0.3205932676792145,0.9580492973327637,0.09995834529399872,0.255610853433609,0.3161619007587433,0.9595113396644592,575.9380149841309
