model_name,MF_type,MF_num,learning_rate,batch_size,num_epochs,train_MSE,train_MAE,train_RMSE,val_MSE,val_MAE,val_RMSE,training_time
model 1,Gaussian,2,0.0001,128,100,13.454500198364258,3.46321702003479,3.6680376529693604,13.284014701843262,3.4396064281463623,3.644724130630493,7.897531032562256
model 2,Gaussian,3,0.0001,128,100,14.077825546264648,3.678107261657715,3.752042770385742,13.936423301696777,3.6599342823028564,3.733151912689209,12.696996927261353
model 3,Gaussian,4,0.0001,128,100,11.259882926940918,3.2458629608154297,3.3555748462677,11.160233497619629,3.2299258708953857,3.340693473815918,32.59992265701294
model 4,Gaussian,5,0.0001,128,100,14.598483085632324,3.7326250076293945,3.820796251296997,14.439515113830566,3.712721586227417,3.799936294555664,82.28032374382019
model 5,Generalized Bell,2,0.0001,128,100,11.411022186279297,3.0411300659179688,3.3780205249786377,11.404468536376953,3.0369417667388916,3.3770501613616943,8.425843000411987
model 6,Generalized Bell,3,0.0001,128,100,16.584199905395508,3.910691261291504,4.072370529174805,16.255802154541016,3.877793312072754,4.031848430633545,14.082940578460693
model 7,Generalized Bell,4,0.0001,128,100,15.141789436340332,3.7393343448638916,3.891245126724243,14.896122932434082,3.710428237915039,3.8595495223999023,35.61686873435974
model 8,Generalized Bell,5,0.0001,128,100,12.89967155456543,3.4852404594421387,3.591611385345459,12.785266876220703,3.4685518741607666,3.5756492614746094,82.11700177192688
model 9,Smoothed Triangular,2,0.0001,128,100,20.565500259399414,4.256309509277344,4.5349202156066895,20.336109161376953,4.231236934661865,4.509557723999023,9.449709177017212
model 10,Smoothed Triangular,3,0.0001,128,100,18.877368927001953,3.8886075019836426,4.344809532165527,18.545146942138672,3.833738327026367,4.306407451629639,15.042644262313843
model 11,Smoothed Triangular,4,0.0001,128,100,20.414485931396484,4.2063140869140625,4.5182390213012695,20.219135284423828,4.193577289581299,4.4965691566467285,36.00697112083435
model 12,Smoothed Triangular,5,0.0001,128,100,20.44310760498047,4.239786624908447,4.5214056968688965,20.21832275390625,4.214842796325684,4.496479034423828,85.40778684616089
model 13,Gaussian,2,0.0005,128,100,1.3192058801651,1.1022493839263916,1.1485668420791626,1.2802499532699585,1.0864330530166626,1.1314812898635864,8.149734258651733
model 14,Gaussian,3,0.0005,128,100,0.1588866263628006,0.32863637804985046,0.3986058533191681,0.14612093567848206,0.3190142810344696,0.3822576701641083,13.283032894134521
model 15,Gaussian,4,0.0005,128,100,1.426908016204834,1.147628664970398,1.1945325136184692,1.3590985536575317,1.1185884475708008,1.1658037900924683,32.61670160293579
model 16,Gaussian,5,0.0005,128,100,1.8546968698501587,1.3199719190597534,1.3618725538253784,1.7810698747634888,1.292678952217102,1.3345673084259033,75.43438386917114
model 17,Generalized Bell,2,0.0005,128,100,1.1637439727783203,1.026645541191101,1.0787696838378906,1.1085779666900635,1.0017625093460083,1.0528903007507324,8.749852418899536
model 18,Generalized Bell,3,0.0005,128,100,0.5554996728897095,0.6687834858894348,0.7453185319900513,0.5192797183990479,0.6436833143234253,0.7206106781959534,13.866744995117188
model 19,Generalized Bell,4,0.0005,128,100,1.3610597848892212,1.1221411228179932,1.1666446924209595,1.3036528825759888,1.097503423690796,1.141776204109192,33.668132305145264
model 20,Generalized Bell,5,0.0005,128,100,0.5475010871887207,0.6334893703460693,0.73993319272995,0.5208722949028015,0.6147793531417847,0.7217148542404175,80.49312329292297
model 21,Smoothed Triangular,2,0.0005,128,100,20.56549835205078,4.256309509277344,4.534919738769531,20.336109161376953,4.231236934661865,4.509557723999023,9.283329963684082
model 22,Smoothed Triangular,3,0.0005,128,100,20.565494537353516,4.256309509277344,4.534919261932373,20.336105346679688,4.231236457824707,4.509557247161865,14.899684190750122
model 23,Smoothed Triangular,4,0.0005,128,100,17.251768112182617,3.833195686340332,4.153524875640869,17.027061462402344,3.8064167499542236,4.1263861656188965,36.766640186309814
model 24,Smoothed Triangular,5,0.0005,128,100,16.632293701171875,3.7902920246124268,4.07827091217041,16.56488609313965,3.776404857635498,4.069998264312744,86.21694493293762
model 25,Gaussian,2,0.001,128,100,0.10501988232135773,0.2622328996658325,0.32406771183013916,0.10106265544891357,0.2539079487323761,0.3179035186767578,8.093176126480103
model 26,Gaussian,3,0.001,128,100,0.10680952668190002,0.26395443081855774,0.32681727409362793,0.10212485492229462,0.2523535192012787,0.31956979632377625,13.000073432922363
model 27,Gaussian,4,0.001,128,100,0.10372308641672134,0.26051604747772217,0.3220606744289398,0.09995993226766586,0.2528444528579712,0.31616440415382385,32.43981337547302
model 28,Gaussian,5,0.001,128,100,0.10102172940969467,0.25809744000434875,0.3178391456604004,0.09685137867927551,0.24908150732517242,0.3112095296382904,77.1998941898346
model 29,Generalized Bell,2,0.001,128,100,0.10447332262992859,0.25921013951301575,0.3232233226299286,0.1001666933298111,0.24851246178150177,0.3164912164211273,8.453099012374878
model 30,Generalized Bell,3,0.001,128,100,0.16215035319328308,0.3162262737751007,0.4026789665222168,0.15461471676826477,0.30386677384376526,0.393210768699646,13.850516319274902
model 31,Generalized Bell,4,0.001,128,100,0.10354911535978317,0.25752022862434387,0.321790486574173,0.10033906996250153,0.24934811890125275,0.31676343083381653,33.96681618690491
model 32,Generalized Bell,5,0.001,128,100,0.12153798341751099,0.27359727025032043,0.34862297773361206,0.1160963922739029,0.26524215936660767,0.3407292068004608,79.95748376846313
model 33,Smoothed Triangular,2,0.001,128,100,12.50035572052002,2.4524693489074707,3.5355842113494873,12.723699569702148,2.4921441078186035,3.5670294761657715,9.14280104637146
model 34,Smoothed Triangular,3,0.001,128,100,16.517934799194336,3.862638235092163,4.064226150512695,16.193363189697266,3.8284716606140137,4.024097919464111,14.912500858306885
model 35,Smoothed Triangular,4,0.001,128,100,3.0136001110076904,0.7307087779045105,1.7359724044799805,3.114455223083496,0.7547420263290405,1.7647819519042969,35.50024342536926
model 36,Smoothed Triangular,5,0.001,128,100,13.646595001220703,3.51900577545166,3.694129705429077,13.582259178161621,3.507523536682129,3.6854116916656494,83.68389868736267
model 37,Gaussian,2,0.0001,32,100,1.6792818307876587,1.254569172859192,1.2958710193634033,1.616369605064392,1.2309248447418213,1.2713652849197388,15.880556344985962
model 38,Gaussian,3,0.0001,32,100,0.6524350643157959,0.709364652633667,0.8077345490455627,0.6055662035942078,0.6777396202087402,0.7781813144683838,23.57419443130493
model 39,Gaussian,4,0.0001,32,100,3.0891199111938477,1.727425456047058,1.7575892210006714,3.000030279159546,1.7026054859161377,1.7320595979690552,43.35909175872803
model 40,Gaussian,5,0.0001,32,100,3.1200435161590576,1.7365309000015259,1.7663644552230835,3.033039093017578,1.712388515472412,1.7415622472763062,82.71871161460876
model 41,Generalized Bell,2,0.0001,32,100,1.7183046340942383,1.2689846754074097,1.3108412027359009,1.6528196334838867,1.244280219078064,1.2856203317642212,17.09999179840088
model 42,Generalized Bell,3,0.0001,32,100,2.0529487133026123,1.3973149061203003,1.4328114986419678,1.9812928438186646,1.3726036548614502,1.4075840711593628,25.762800693511963
model 43,Generalized Bell,4,0.0001,32,100,0.9293472766876221,0.8466198444366455,0.9640265703201294,0.8788449764251709,0.8234257698059082,0.9374673366546631,47.001044511795044
model 44,Generalized Bell,5,0.0001,32,100,2.6545307636260986,1.595703363418579,1.6292730569839478,2.5728981494903564,1.5711413621902466,1.6040256023406982,88.17624497413635
model 45,Smoothed Triangular,2,0.0001,32,100,20.56549644470215,4.2563090324401855,4.534919738769531,20.336109161376953,4.231236457824707,4.509557723999023,18.574581623077393
model 46,Smoothed Triangular,3,0.0001,32,100,20.556156158447266,4.254923343658447,4.5338897705078125,20.32670783996582,4.229800224304199,4.508514881134033,27.18131971359253
model 47,Smoothed Triangular,4,0.0001,32,100,13.378801345825195,2.8849403858184814,3.6577043533325195,12.743446350097656,2.786714792251587,3.569796323776245,49.78011989593506
model 48,Smoothed Triangular,5,0.0001,32,100,20.56547737121582,4.256308555603027,4.53491735458374,20.336097717285156,4.231235027313232,4.509556293487549,90.66767930984497
model 49,Gaussian,2,0.0005,32,100,0.10012172907590866,0.25589823722839355,0.31642016768455505,0.09733906388282776,0.2500356137752533,0.3119920790195465,15.994110107421875
model 50,Gaussian,3,0.0005,32,100,0.09809579700231552,0.25136929750442505,0.31320250034332275,0.09494452178478241,0.24352961778640747,0.30813068151474,23.83304238319397
model 51,Gaussian,4,0.0005,32,100,0.10154837369918823,0.2578417658805847,0.31866654753685,0.0984305739402771,0.25141507387161255,0.3137364685535431,43.32926893234253
model 52,Gaussian,5,0.0005,32,100,0.09893013536930084,0.2544950544834137,0.3145316243171692,0.09561682492494583,0.24651123583316803,0.30921971797943115,83.05060815811157
model 53,Generalized Bell,2,0.0005,32,100,0.09821852296590805,0.25381147861480713,0.3133983314037323,0.09582474827766418,0.24840706586837769,0.3095557391643524,16.790730714797974
model 54,Generalized Bell,3,0.0005,32,100,0.10192758589982986,0.2547168433666229,0.31926101446151733,0.09992258250713348,0.2498220056295395,0.31610533595085144,26.500078439712524
model 55,Generalized Bell,4,0.0005,32,100,0.09923698008060455,0.253073126077652,0.31501901149749756,0.09591768682003021,0.24480126798152924,0.30970579385757446,46.100043058395386
model 56,Generalized Bell,5,0.0005,32,100,0.09799844771623611,0.25219571590423584,0.31304705142974854,0.09446229040622711,0.24433229863643646,0.3073471784591675,87.33357739448547
model 57,Smoothed Triangular,2,0.0005,32,100,20.565486907958984,4.256308555603027,4.534918785095215,20.33610725402832,4.231235980987549,4.509557247161865,18.5582172870636
model 58,Smoothed Triangular,3,0.0005,32,100,20.565481185913086,4.256308078765869,4.534917831420898,20.33609390258789,4.231235027313232,4.509555816650391,28.833423376083374
model 59,Smoothed Triangular,4,0.0005,32,100,14.145472526550293,3.5619187355041504,3.7610466480255127,14.03249454498291,3.5438501834869385,3.745997190475464,49.92974138259888
model 60,Smoothed Triangular,5,0.0005,32,100,0.10674812644720078,0.26437413692474365,0.3267233073711395,0.10259391367435455,0.25541943311691284,0.3203028440475464,91.86671471595764
model 61,Gaussian,2,0.001,32,100,0.09934575110673904,0.25536131858825684,0.3151915967464447,0.09612441807985306,0.24617457389831543,0.31003937125205994,16.0329692363739
model 62,Gaussian,3,0.001,32,100,0.09648426622152328,0.2507874667644501,0.31061917543411255,0.09366992115974426,0.24418294429779053,0.3060554265975952,23.734890937805176
model 63,Gaussian,4,0.001,32,100,0.0995972529053688,0.25546136498451233,0.3155903220176697,0.09686567634344101,0.24999308586120605,0.3112325072288513,43.65528964996338
model 64,Gaussian,5,0.001,32,100,0.09803953766822815,0.25319135189056396,0.31311264634132385,0.09553033113479614,0.24630889296531677,0.3090798258781433,86.20107316970825
model 65,Generalized Bell,2,0.001,32,100,0.10567671060562134,0.2629890739917755,0.3250795304775238,0.10188762098550797,0.2546927332878113,0.3191983997821808,17.241722345352173
model 66,Generalized Bell,3,0.001,32,100,0.09733570367097855,0.2527278661727905,0.3119867146015167,0.09524964541196823,0.2479863464832306,0.30862540006637573,25.609424829483032
model 67,Generalized Bell,4,0.001,32,100,0.09571229666471481,0.24982689321041107,0.30937403440475464,0.09356293827295303,0.24452640116214752,0.305880606174469,46.40015172958374
model 68,Generalized Bell,5,0.001,32,100,0.09520125389099121,0.2500480115413666,0.3085469901561737,0.09214597940444946,0.24353858828544617,0.30355554819107056,85.68151211738586
model 69,Smoothed Triangular,2,0.001,32,100,10.898754119873047,3.2326269149780273,3.301326036453247,10.71534252166748,3.2075412273406982,3.2734298706054688,18.371121644973755
model 70,Smoothed Triangular,3,0.001,32,100,4.624391078948975,2.108133554458618,2.150439739227295,4.449369430541992,2.0707027912139893,2.1093528270721436,28.77946376800537
model 71,Smoothed Triangular,4,0.001,32,100,0.49615174531936646,0.6221514940261841,0.7043803930282593,0.45366641879081726,0.5916414260864258,0.673547625541687,49.36651968955994
model 72,Smoothed Triangular,5,0.001,32,100,0.10383310168981552,0.2610093951225281,0.3222314417362213,0.09996719658374786,0.2527640163898468,0.3161759078502655,91.76941013336182
model 73,Gaussian,2,0.0001,64,100,7.771486759185791,2.7500901222229004,2.787738561630249,7.647402286529541,2.729135274887085,2.7653937339782715,10.401672601699829
model 74,Gaussian,3,0.0001,64,100,6.9329705238342285,2.606410264968872,2.6330535411834717,6.812634468078613,2.584688663482666,2.610102415084839,16.38655710220337
model 75,Gaussian,4,0.0001,64,100,8.957143783569336,2.966221570968628,2.9928488731384277,8.834226608276367,2.9465408325195312,2.972242593765259,37.58230638504028
model 76,Gaussian,5,0.0001,64,100,9.740257263183594,3.0927507877349854,3.120938539505005,9.609987258911133,3.072721004486084,3.0999979972839355,93.05045652389526
model 77,Generalized Bell,2,0.0001,64,100,6.658025741577148,2.481252670288086,2.580315113067627,6.497586727142334,2.4521431922912598,2.5490365028381348,10.892968893051147
model 78,Generalized Bell,3,0.0001,64,100,7.8622517585754395,2.7479941844940186,2.8039708137512207,7.73875617980957,2.7287089824676514,2.7818620204925537,17.309854745864868
model 79,Generalized Bell,4,0.0001,64,100,8.44691276550293,2.8399078845977783,2.9063572883605957,8.291762351989746,2.8136980533599854,2.879542112350464,39.47092795372009
model 80,Generalized Bell,5,0.0001,64,100,7.463149070739746,2.6964921951293945,2.7318763732910156,7.367851257324219,2.679486036300659,2.714378595352173,89.30842351913452
model 81,Smoothed Triangular,2,0.0001,64,100,20.56549644470215,4.256308555603027,4.534919738769531,20.336109161376953,4.231236457824707,4.509557723999023,11.699679374694824
model 82,Smoothed Triangular,3,0.0001,64,100,20.535846710205078,4.252323627471924,4.531649589538574,20.307430267333984,4.2272629737854,4.50637674331665,18.683255910873413
model 83,Smoothed Triangular,4,0.0001,64,100,18.99195671081543,3.881906509399414,4.35797643661499,18.918527603149414,3.8862197399139404,4.349543571472168,41.48239088058472
model 84,Smoothed Triangular,5,0.0001,64,100,20.08027458190918,4.19330358505249,4.481101989746094,19.841350555419922,4.167552471160889,4.454362869262695,95.59152340888977
model 85,Gaussian,2,0.0005,64,100,0.10519769042730331,0.2620965242385864,0.32434192299842834,0.10150210559368134,0.25534048676490784,0.31859394907951355,10.235095024108887
model 86,Gaussian,3,0.0005,64,100,0.10172639042139053,0.25797152519226074,0.3189457356929779,0.09787431359291077,0.2495678812265396,0.3128487169742584,16.144786834716797
model 87,Gaussian,4,0.0005,64,100,0.10475622117519379,0.26186248660087585,0.323660671710968,0.10073142498731613,0.25353896617889404,0.31738215684890747,37.13342332839966
model 88,Gaussian,5,0.0005,64,100,0.1059567853808403,0.26290833950042725,0.32551002502441406,0.10239549726247787,0.25634679198265076,0.31999295949935913,86.30788445472717
model 89,Generalized Bell,2,0.0005,64,100,0.12158975750207901,0.2774558961391449,0.3486972153186798,0.12114863842725754,0.2763729393482208,0.348064124584198,10.7332444190979
model 90,Generalized Bell,3,0.0005,64,100,0.15118883550167084,0.3083028793334961,0.3888300955295563,0.14756637811660767,0.305092453956604,0.3841436803340912,17.576396942138672
model 91,Generalized Bell,4,0.0005,64,100,0.10699014365673065,0.26049095392227173,0.3270934820175171,0.10312231630086899,0.25384289026260376,0.32112663984298706,39.699865102767944
model 92,Generalized Bell,5,0.0005,64,100,0.1045789048075676,0.2604830861091614,0.32338660955429077,0.10235662013292313,0.25543802976608276,0.319932222366333,91.34055495262146
model 93,Smoothed Triangular,2,0.0005,64,100,0.11112922430038452,0.26926183700561523,0.333360493183136,0.10717885941267014,0.26101309061050415,0.32738181948661804,11.850074052810669
model 94,Smoothed Triangular,3,0.0005,64,100,17.25383186340332,3.9111945629119873,4.153773307800293,17.122413635253906,3.892397403717041,4.137923717498779,18.465824842453003
model 95,Smoothed Triangular,4,0.0005,64,100,2.5811219215393066,0.8059811592102051,1.6065870523452759,2.531270980834961,0.785390317440033,1.5909968614578247,41.20015859603882
model 96,Smoothed Triangular,5,0.0005,64,100,5.4695234298706055,1.7988682985305786,2.3387012481689453,5.4330854415893555,1.7943778038024902,2.3308980464935303,93.21701121330261
model 97,Gaussian,2,0.001,64,100,0.10531722754240036,0.26298847794532776,0.3245261609554291,0.10146408528089523,0.2550918459892273,0.3185342848300934,10.326054573059082
model 98,Gaussian,3,0.001,64,100,0.10027237236499786,0.25631284713745117,0.3166581392288208,0.09739366918802261,0.25016576051712036,0.3120795786380768,16.050612688064575
model 99,Gaussian,4,0.001,64,100,0.10059896111488342,0.2556017339229584,0.31717339158058167,0.09683674573898315,0.24605368077754974,0.3111860454082489,37.44883584976196
model 100,Gaussian,5,0.001,64,100,0.10090495645999908,0.2549862563610077,0.31765541434288025,0.09769045561552048,0.24806785583496094,0.3125547170639038,87.37614583969116
model 101,Generalized Bell,2,0.001,64,100,0.10039596259593964,0.2563973665237427,0.31685322523117065,0.09813237190246582,0.25284329056739807,0.31326088309288025,10.766948461532593
model 102,Generalized Bell,3,0.001,64,100,0.09906313568353653,0.25277504324913025,0.3147429823875427,0.0974869355559349,0.24844512343406677,0.3122289776802063,17.59033489227295
model 103,Generalized Bell,4,0.001,64,100,0.09945274889469147,0.2550249993801117,0.31536129117012024,0.09658131003379822,0.24843169748783112,0.3107753396034241,39.817392110824585
model 104,Generalized Bell,5,0.001,64,100,0.09673276543617249,0.2503788471221924,0.3110189139842987,0.094797782599926,0.24593476951122284,0.30789247155189514,91.48417925834656
model 105,Smoothed Triangular,2,0.001,64,100,11.539741516113281,2.5665547847747803,3.397019386291504,11.588790893554688,2.5857911109924316,3.404231309890747,11.749878406524658
model 106,Smoothed Triangular,3,0.001,64,100,7.105508804321289,2.621899127960205,2.665616035461426,7.011389255523682,2.6044907569885254,2.647902727127075,18.783008813858032
model 107,Smoothed Triangular,4,0.001,64,100,6.3620429039001465,2.4984631538391113,2.5223090648651123,6.24431848526001,2.4763331413269043,2.498863458633423,40.89896202087402
model 108,Smoothed Triangular,5,0.001,64,100,6.8334808349609375,2.5327253341674805,2.6140928268432617,6.57107400894165,2.489281177520752,2.563410520553589,94.16828227043152
model 109,Gaussian,2,0.0001,128,250,5.733142375946045,2.372204065322876,2.3943982124328613,5.649164199829102,2.35526967048645,2.3767969608306885,18.692809343338013
model 110,Gaussian,3,0.0001,128,250,6.353947162628174,2.498908281326294,2.5207037925720215,6.2711639404296875,2.483133554458618,2.5042293071746826,28.342154502868652
model 111,Gaussian,4,0.0001,128,250,6.685088157653809,2.5639398097991943,2.5855536460876465,6.606579303741455,2.5495588779449463,2.570326805114746,74.35032272338867
model 112,Gaussian,5,0.0001,128,250,7.045073986053467,2.634232997894287,2.6542558670043945,6.963949680328369,2.619495153427124,2.638929605484009,178.23463487625122
model 113,Generalized Bell,2,0.0001,128,250,5.512147903442383,2.3158509731292725,2.3477964401245117,5.407498359680176,2.29556941986084,2.3254027366638184,19.30004358291626
model 114,Generalized Bell,3,0.0001,128,250,7.243293762207031,2.667870044708252,2.6913368701934814,7.118590831756592,2.644366502761841,2.6680686473846436,29.893678665161133
model 115,Generalized Bell,4,0.0001,128,250,8.353174209594727,2.8703205585479736,2.890185832977295,8.255486488342285,2.8537356853485107,2.8732361793518066,76.44369196891785
model 116,Generalized Bell,5,0.0001,128,250,6.411688327789307,2.5044567584991455,2.5321311950683594,6.331633567810059,2.488677501678467,2.5162737369537354,182.93482041358948
model 117,Smoothed Triangular,2,0.0001,128,250,20.512670516967773,4.2494072914123535,4.5290913581848145,20.285120010375977,4.22438907623291,4.503900527954102,20.678512811660767
model 118,Smoothed Triangular,3,0.0001,128,250,19.9971866607666,4.1892008781433105,4.471821308135986,19.76447296142578,4.163536071777344,4.445725440979004,31.716623544692993
model 119,Smoothed Triangular,4,0.0001,128,250,17.586305618286133,3.619425058364868,4.193603038787842,17.456144332885742,3.610302686691284,4.178055286407471,80.46458721160889
model 120,Smoothed Triangular,5,0.0001,128,250,18.890810012817383,3.953204393386841,4.34635591506958,18.617969512939453,3.9170267581939697,4.314854621887207,190.60935711860657
model 121,Gaussian,2,0.0005,128,250,0.10439065843820572,0.26135024428367615,0.323095440864563,0.10070481151342392,0.25344792008399963,0.317340224981308,18.20083236694336
model 122,Gaussian,3,0.0005,128,250,0.10331575572490692,0.2575754225254059,0.32142767310142517,0.09885067492723465,0.2483026385307312,0.31440526247024536,28.13955330848694
model 123,Gaussian,4,0.0005,128,250,0.10044148564338684,0.2547057271003723,0.316925048828125,0.09650532901287079,0.24466551840305328,0.31065306067466736,74.43374395370483
model 124,Gaussian,5,0.0005,128,250,0.09971272945404053,0.2545504868030548,0.31577321887016296,0.09569409489631653,0.24483786523342133,0.309344619512558,181.23464488983154
model 125,Generalized Bell,2,0.0005,128,250,0.10671479254961014,0.2640433609485626,0.3266723155975342,0.10277192294597626,0.25664806365966797,0.3205806016921997,19.109407663345337
model 126,Generalized Bell,3,0.0005,128,250,0.09679870307445526,0.25140580534935,0.31112489104270935,0.09375970810651779,0.24419540166854858,0.30620208382606506,29.880687475204468
model 127,Generalized Bell,4,0.0005,128,250,0.09909798949956894,0.25389641523361206,0.3147983253002167,0.09540904313325882,0.24441267549991608,0.30888354778289795,77.4669668674469
model 128,Generalized Bell,5,0.0005,128,250,0.09653972089290619,0.2505660653114319,0.3107084035873413,0.09410517662763596,0.24409691989421844,0.30676567554473877,182.8961524963379
model 129,Smoothed Triangular,2,0.0005,128,250,20.56549644470215,4.2563090324401855,4.534919738769531,20.336105346679688,4.231236457824707,4.509557247161865,20.68353033065796
model 130,Smoothed Triangular,3,0.0005,128,250,16.38602066040039,3.853281259536743,4.047965049743652,16.20477867126465,3.8318591117858887,4.025516033172607,31.77369451522827
model 131,Smoothed Triangular,4,0.0005,128,250,20.565473556518555,4.256308078765869,4.53491735458374,20.336088180541992,4.231234550476074,4.509555339813232,79.28357577323914
model 132,Smoothed Triangular,5,0.0005,128,250,20.565452575683594,4.2563066482543945,4.534914970397949,20.336069107055664,4.231232166290283,4.509552955627441,189.33230996131897
model 133,Gaussian,2,0.001,128,250,0.10301212966442108,0.25973668694496155,0.3209550380706787,0.09977584332227707,0.2530221939086914,0.3158731460571289,18.4500150680542
model 134,Gaussian,3,0.001,128,250,0.09964538365602493,0.25545990467071533,0.3156665563583374,0.0959639698266983,0.2463567852973938,0.3097805082798004,28.30003523826599
model 135,Gaussian,4,0.001,128,250,0.098385751247406,0.25289055705070496,0.3136650323867798,0.09505623579025269,0.24506212770938873,0.30831190943717957,74.6876380443573
model 136,Gaussian,5,0.001,128,250,0.09887229651212692,0.25443288683891296,0.31443965435028076,0.09530135989189148,0.24569904804229736,0.30870917439460754,178.1176414489746
model 137,Generalized Bell,2,0.001,128,250,0.10354696214199066,0.2607085108757019,0.32178714871406555,0.1007101982831955,0.2552987039089203,0.3173486888408661,19.332721710205078
model 138,Generalized Bell,3,0.001,128,250,0.1009940505027771,0.25724688172340393,0.31779560446739197,0.09714503586292267,0.24819807708263397,0.31168097257614136,29.966802835464478
model 139,Generalized Bell,4,0.001,128,250,0.09729889035224915,0.25133296847343445,0.3119277060031891,0.09426974505186081,0.24462561309337616,0.3070337772369385,77.79084205627441
model 140,Generalized Bell,5,0.001,128,250,0.09620030224323273,0.2502018213272095,0.3101617395877838,0.09374024718999863,0.2444019615650177,0.3061702847480774,185.20153069496155
model 141,Smoothed Triangular,2,0.001,128,250,13.512330055236816,3.5780861377716064,3.6759121417999268,13.299581527709961,3.552548408508301,3.6468591690063477,20.909178018569946
model 142,Smoothed Triangular,3,0.001,128,250,8.792548179626465,2.9446191787719727,2.9652230739593506,8.693937301635742,2.9285075664520264,2.9485483169555664,31.675567626953125
model 143,Smoothed Triangular,4,0.001,128,250,4.160008430480957,2.0138916969299316,2.039609909057617,4.095555305480957,1.9986294507980347,2.0237479209899902,80.43376159667969
model 144,Smoothed Triangular,5,0.001,128,250,20.56540870666504,4.25629997253418,4.534910202026367,20.336021423339844,4.231227874755859,4.509547710418701,188.74536657333374
model 145,Gaussian,2,0.0001,32,250,0.10577979683876038,0.2631385028362274,0.32523804903030396,0.10173625499010086,0.2545655369758606,0.3189612030982971,38.31667685508728
model 146,Gaussian,3,0.0001,32,250,0.10407809168100357,0.26105839014053345,0.32261136174201965,0.10027675330638885,0.2527126669883728,0.31666505336761475,56.24792742729187
model 147,Gaussian,4,0.0001,32,250,0.09841032326221466,0.25284603238105774,0.3137041926383972,0.09523998200893402,0.2444383203983307,0.3086097538471222,101.99974179267883
model 148,Gaussian,5,0.0001,32,250,0.09905239194631577,0.25370484590530396,0.3147259056568146,0.09687595069408417,0.2502809762954712,0.3112490177154541,195.4652554988861
model 149,Generalized Bell,2,0.0001,32,250,0.10176894068717957,0.25789758563041687,0.31901243329048157,0.09952351450920105,0.2535424530506134,0.3154734671115875,40.90005278587341
model 150,Generalized Bell,3,0.0001,32,250,0.09951647371053696,0.2520718574523926,0.3154623210430145,0.09883522242307663,0.24894478917121887,0.3143807053565979,61.28364968299866
model 151,Generalized Bell,4,0.0001,32,250,0.1100076213479042,0.26408371329307556,0.3316739797592163,0.10646193474531174,0.26056188344955444,0.32628506422042847,109.01699018478394
model 152,Generalized Bell,5,0.0001,32,250,0.1067969873547554,0.25926196575164795,0.32679808139801025,0.104886494576931,0.2549211382865906,0.32386183738708496,203.20351266860962
model 153,Smoothed Triangular,2,0.0001,32,250,1.3678358793258667,0.48135218024253845,1.1695451736450195,1.3489725589752197,0.4680284857749939,1.1614527702331543,44.11585831642151
model 154,Smoothed Triangular,3,0.0001,32,250,20.56548500061035,4.256309509277344,4.534918308258057,20.336105346679688,4.231235504150391,4.509557247161865,65.45045065879822
model 155,Smoothed Triangular,4,0.0001,32,250,12.943211555480957,3.3707048892974854,3.5976674556732178,12.556862831115723,3.328822612762451,3.5435664653778076,116.81392502784729
model 156,Smoothed Triangular,5,0.0001,32,250,12.197827339172363,3.2604105472564697,3.4925389289855957,11.821138381958008,3.2179670333862305,3.438188314437866,216.23616528511047
model 157,Gaussian,2,0.0005,32,250,0.1011231392621994,0.2573520243167877,0.31799864768981934,0.09772231429815292,0.24940045177936554,0.31260567903518677,38.11923336982727
model 158,Gaussian,3,0.0005,32,250,0.09845380485057831,0.2535918354988098,0.3137734830379486,0.09511429071426392,0.2460557222366333,0.3084060549736023,55.7356743812561
model 159,Gaussian,4,0.0005,32,250,0.09804195910692215,0.25321823358535767,0.31311652064323425,0.09505964070558548,0.2463911771774292,0.3083174228668213,102.75834131240845
model 160,Gaussian,5,0.0005,32,250,0.10197840631008148,0.2584174871444702,0.3193405866622925,0.09826593101024628,0.24908839166164398,0.31347396969795227,193.13478016853333
model 161,Generalized Bell,2,0.0005,32,250,0.10348595678806305,0.2604871690273285,0.3216923177242279,0.09978970885276794,0.25279298424720764,0.31589508056640625,40.91555333137512
model 162,Generalized Bell,3,0.0005,32,250,0.09766450524330139,0.252684086561203,0.31251320242881775,0.09546082466840744,0.24725626409053802,0.30896735191345215,62.016424894332886
model 163,Generalized Bell,4,0.0005,32,250,0.09534592926502228,0.2497081458568573,0.30878135561943054,0.09317921847105026,0.24459956586360931,0.30525270104408264,110.43389511108398
model 164,Generalized Bell,5,0.0005,32,250,0.09661705791950226,0.2516009509563446,0.3108328580856323,0.09420036524534225,0.24544911086559296,0.30692076683044434,206.81796598434448
model 165,Smoothed Triangular,2,0.0005,32,250,9.532373428344727,3.026822090148926,3.087454080581665,9.428299903869629,3.0104176998138428,3.070553779602051,46.854506731033325
model 166,Smoothed Triangular,3,0.0005,32,250,20.565452575683594,4.25630521774292,4.534914970397949,20.336074829101562,4.2312331199646,4.509553909301758,66.66443753242493
model 167,Smoothed Triangular,4,0.0005,32,250,0.12147112935781479,0.28519126772880554,0.34852707386016846,0.11353279650211334,0.27736949920654297,0.3369462788105011,115.81717705726624
model 168,Smoothed Triangular,5,0.0005,32,250,0.09770139306783676,0.25389018654823303,0.3125722110271454,0.09322863072156906,0.2471107691526413,0.3053336441516876,211.8918833732605
model 169,Gaussian,2,0.001,32,250,0.10334034264087677,0.26009365916252136,0.32146593928337097,0.0998678058385849,0.2530378997325897,0.316018670797348,38.51689529418945
model 170,Gaussian,3,0.001,32,250,0.09782405197620392,0.2528614401817322,0.3127683699131012,0.09546300023794174,0.24832415580749512,0.3089708685874939,56.58581614494324
model 171,Gaussian,4,0.001,32,250,0.09676414728164673,0.2512723207473755,0.3110693693161011,0.09393355995416641,0.24456843733787537,0.3064858317375183,103.02736377716064
model 172,Gaussian,5,0.001,32,250,0.09753206372261047,0.25266727805137634,0.31230124831199646,0.09468455612659454,0.24503552913665771,0.3077085614204407,194.71816420555115
model 173,Generalized Bell,2,0.001,32,250,0.10086163878440857,0.25716066360473633,0.3175872266292572,0.09838969260454178,0.2518857717514038,0.3136713206768036,40.316060066223145
model 174,Generalized Bell,3,0.001,32,250,0.09415837377309799,0.246550515294075,0.3068523705005646,0.09239643067121506,0.2425885647535324,0.30396780371665955,61.34878087043762
model 175,Generalized Bell,4,0.001,32,250,0.09766118973493576,0.2520867586135864,0.31250789761543274,0.09468644112348557,0.24515536427497864,0.3077116310596466,109.90035438537598
model 176,Generalized Bell,5,0.001,32,250,0.09734946489334106,0.2515295743942261,0.3120087683200836,0.09448803961277008,0.24493113160133362,0.3073890805244446,202.08713293075562
model 177,Smoothed Triangular,2,0.001,32,250,3.090014696121216,1.7271853685379028,1.7578437328338623,3.0234692096710205,1.7090706825256348,1.7388125658035278,45.83332896232605
model 178,Smoothed Triangular,3,0.001,32,250,0.10549553483724594,0.26278191804885864,0.3248007595539093,0.10133974999189377,0.25398874282836914,0.3183390498161316,67.40248346328735
model 179,Smoothed Triangular,4,0.001,32,250,0.100543312728405,0.2573917806148529,0.3170856535434723,0.09752117842435837,0.252603679895401,0.31228381395339966,116.26496815681458
model 180,Smoothed Triangular,5,0.001,32,250,0.10586018860340118,0.26316362619400024,0.3253616392612457,0.10164668411016464,0.2548908293247223,0.3188207745552063,211.55450296401978
model 181,Gaussian,2,0.0001,64,250,1.0960379838943481,0.9955362677574158,1.046918272972107,1.0562635660171509,0.9773036241531372,1.0277467966079712,24.100067377090454
model 182,Gaussian,3,0.0001,64,250,1.2828254699707031,1.0852525234222412,1.1326189041137695,1.2400660514831543,1.067261815071106,1.1135824918746948,36.266897439956665
model 183,Gaussian,4,0.0001,64,250,1.334967017173767,1.110167145729065,1.1554077863693237,1.301016092300415,1.0968412160873413,1.1406209468841553,91.45137739181519
model 184,Gaussian,5,0.0001,64,250,1.1862423419952393,1.0407241582870483,1.0891475677490234,1.1503291130065918,1.0251903533935547,1.0725339651107788,208.17121171951294
model 185,Generalized Bell,2,0.0001,64,250,0.45664313435554504,0.5710746645927429,0.6757537722587585,0.430177241563797,0.550478458404541,0.6558789610862732,25.152218103408813
model 186,Generalized Bell,3,0.0001,64,250,0.9705599546432495,0.9310651421546936,0.9851700067520142,0.9455040693283081,0.919558584690094,0.9723703265190125,39.623494386672974
model 187,Generalized Bell,4,0.0001,64,250,0.4984106421470642,0.6369853615760803,0.7059820294380188,0.4814518094062805,0.6288941502571106,0.6938672661781311,94.51758337020874
model 188,Generalized Bell,5,0.0001,64,250,0.8339293003082275,0.8405858874320984,0.9131972789764404,0.7989963293075562,0.8206746578216553,0.8938659429550171,215.1322684288025
model 189,Smoothed Triangular,2,0.0001,64,250,20.356300354003906,4.231810092926025,4.511795520782471,20.12102699279785,4.206286430358887,4.485646724700928,26.88553547859192
model 190,Smoothed Triangular,3,0.0001,64,250,20.56549644470215,4.256309509277344,4.534919738769531,20.33610725402832,4.231236457824707,4.509557247161865,43.27399563789368
model 191,Smoothed Triangular,4,0.0001,64,250,20.565488815307617,4.256308555603027,4.534918785095215,20.336101531982422,4.231235980987549,4.509556770324707,98.91711831092834
model 192,Smoothed Triangular,5,0.0001,64,250,19.23110580444336,4.102691173553467,4.38532829284668,18.957326889038086,4.07420015335083,4.354001045227051,223.90404891967773
model 193,Gaussian,2,0.0005,64,250,0.10247612744569778,0.25931113958358765,0.3201189339160919,0.09934251010417938,0.2531287670135498,0.315186470746994,23.54995822906494
model 194,Gaussian,3,0.0005,64,250,0.10013648867607117,0.2562609314918518,0.3164435029029846,0.09632886201143265,0.24681751430034637,0.31036892533302307,36.38352346420288
model 195,Gaussian,4,0.0005,64,250,0.10366792976856232,0.26042211055755615,0.32197505235671997,0.09979026764631271,0.25184786319732666,0.3158959746360779,89.92250657081604
model 196,Gaussian,5,0.0005,64,250,0.09942881762981415,0.25504255294799805,0.3153233528137207,0.09586267173290253,0.24611961841583252,0.30961698293685913,208.2447874546051
model 197,Generalized Bell,2,0.0005,64,250,0.10037627816200256,0.25627681612968445,0.3168221414089203,0.0984264612197876,0.2518364191055298,0.3137299120426178,25.033549308776855
model 198,Generalized Bell,3,0.0005,64,250,0.09764648973941803,0.25197046995162964,0.31248438358306885,0.09488367289304733,0.24560382962226868,0.30803194642066956,38.97133016586304
model 199,Generalized Bell,4,0.0005,64,250,0.09553699940443039,0.2499234825372696,0.30909061431884766,0.09347757697105408,0.2448606938123703,0.3057410418987274,97.05164527893066
model 200,Generalized Bell,5,0.0005,64,250,0.09628020972013474,0.2501588463783264,0.31029051542282104,0.09410917013883591,0.24446898698806763,0.3067721724510193,216.89907813072205
model 201,Smoothed Triangular,2,0.0005,64,250,20.56549072265625,4.256309509277344,4.534919261932373,20.336103439331055,4.231236457824707,4.509556770324707,27.217275381088257
model 202,Smoothed Triangular,3,0.0005,64,250,13.185495376586914,3.51422119140625,3.631183624267578,13.038585662841797,3.494837999343872,3.61089825630188,42.35376787185669
model 203,Smoothed Triangular,4,0.0005,64,250,5.448784828186035,2.285977840423584,2.334263324737549,5.36795711517334,2.2678730487823486,2.316885232925415,99.99329900741577
model 204,Smoothed Triangular,5,0.0005,64,250,0.10276709496974945,0.25934356451034546,0.3205730617046356,0.09929598867893219,0.25257569551467896,0.3151126503944397,222.93493723869324
model 205,Gaussian,2,0.001,64,250,0.09559926390647888,0.2515760660171509,0.3091913163661957,0.09346797317266464,0.24565649032592773,0.3057253360748291,23.608265161514282
model 206,Gaussian,3,0.001,64,250,0.09944582730531693,0.25567010045051575,0.31535032391548157,0.09704715013504028,0.2502128481864929,0.3115239143371582,36.4652144908905
model 207,Gaussian,4,0.001,64,250,0.09751678258180618,0.25206315517425537,0.31227678060531616,0.09543158113956451,0.24787753820419312,0.3089200258255005,93.59504556655884
model 208,Gaussian,5,0.001,64,250,0.09607430547475815,0.25062888860702515,0.3099585473537445,0.09376633912324905,0.2446756511926651,0.3062129020690918,210.02027344703674
model 209,Generalized Bell,2,0.001,64,250,0.09729021042585373,0.25221943855285645,0.31191378831863403,0.09426399320363998,0.24509286880493164,0.30702441930770874,25.16730284690857
model 210,Generalized Bell,3,0.001,64,250,0.09524939209222794,0.249400794506073,0.3086250126361847,0.09298134595155716,0.24385099112987518,0.30492842197418213,39.747902631759644
model 211,Generalized Bell,4,0.001,64,250,0.09694857150316238,0.2519385814666748,0.31136566400527954,0.09405092895030975,0.24503262341022491,0.3066772520542145,97.04351878166199
model 212,Generalized Bell,5,0.001,64,250,0.09625593572854996,0.25061947107315063,0.3102514147758484,0.093716099858284,0.24486100673675537,0.30613085627555847,222.685453414917
model 213,Smoothed Triangular,2,0.001,64,250,0.10590756684541702,0.2631402015686035,0.3254344165325165,0.10168621689081192,0.2545771598815918,0.3188827633857727,26.713569402694702
model 214,Smoothed Triangular,3,0.001,64,250,2.277970790863037,1.4735649824142456,1.5092947483062744,2.2273802757263184,1.4574936628341675,1.4924410581588745,43.326199531555176
model 215,Smoothed Triangular,4,0.001,64,250,20.565401077270508,4.256300449371338,4.534909248352051,20.336017608642578,4.231227397918701,4.509547233581543,99.30694603919983
model 216,Smoothed Triangular,5,0.001,64,250,0.10298527032136917,0.25973379611968994,0.3209131956100464,0.09941311180591583,0.2520325481891632,0.3152984380722046,215.96816158294678
model 217,Gaussian,2,0.0001,128,500,0.5686062574386597,0.6615008115768433,0.7540598511695862,0.5403251051902771,0.6443008780479431,0.7350680828094482,34.60000681877136
model 218,Gaussian,3,0.0001,128,500,1.5517100095748901,1.2033025026321411,1.2456765174865723,1.511937141418457,1.1884031295776367,1.2296085357666016,53.77631425857544
model 219,Gaussian,4,0.0001,128,500,0.8451841473579407,0.8565375804901123,0.9193390011787415,0.8399330377578735,0.8571373224258423,0.9164786338806152,146.48755979537964
model 220,Gaussian,5,0.0001,128,500,0.7616304755210876,0.8005937337875366,0.8727144002914429,0.7314420938491821,0.784839928150177,0.8552438616752625,360.1221833229065
model 221,Generalized Bell,2,0.0001,128,500,0.6897649765014648,0.770512044429779,0.8305209279060364,0.6678200364112854,0.7596309185028076,0.8172025680541992,36.82099676132202
model 222,Generalized Bell,3,0.0001,128,500,0.6879764795303345,0.7666100859642029,0.8294434547424316,0.662259578704834,0.752753496170044,0.8137933015823364,56.50991702079773
model 223,Generalized Bell,4,0.0001,128,500,0.47367995977401733,0.5829871296882629,0.688244104385376,0.4562712013721466,0.5744512677192688,0.6754785180091858,153.44390988349915
model 224,Generalized Bell,5,0.0001,128,500,0.4174882769584656,0.558210551738739,0.646133303642273,0.41390538215637207,0.56017005443573,0.6433547735214233,362.11967492103577
model 225,Smoothed Triangular,2,0.0001,128,500,20.37132453918457,4.232823371887207,4.513460159301758,20.150606155395508,4.208171367645264,4.488942623138428,39.30948495864868
model 226,Smoothed Triangular,3,0.0001,128,500,20.044445037841797,4.196895122528076,4.477102279663086,19.841516494750977,4.173334121704102,4.454381942749023,61.01666283607483
model 227,Smoothed Triangular,4,0.0001,128,500,19.731285095214844,4.162198543548584,4.441991329193115,19.508834838867188,4.137509346008301,4.4168806076049805,162.0697214603424
model 228,Smoothed Triangular,5,0.0001,128,500,15.828534126281738,3.6423206329345703,3.978508949279785,15.843422889709473,3.6365609169006348,3.980379819869995,389.17639231681824
model 229,Gaussian,2,0.0005,128,500,0.1024378314614296,0.2592480778694153,0.3200591206550598,0.09919010102748871,0.25255119800567627,0.3149445950984955,35.60030198097229
model 230,Gaussian,3,0.0005,128,500,0.09886505454778671,0.2544018626213074,0.3144281506538391,0.09527208656072617,0.24530477821826935,0.3086617588996887,53.14266109466553
model 231,Gaussian,4,0.0005,128,500,0.09997676312923431,0.2560248076915741,0.31619101762771606,0.09761928766965866,0.2514379918575287,0.3124408423900604,153.65066480636597
model 232,Gaussian,5,0.0005,128,500,0.09745517373085022,0.2515270411968231,0.3121781051158905,0.09450636804103851,0.244506374001503,0.3074188828468323,373.259973526001
model 233,Generalized Bell,2,0.0005,128,500,0.09693137556314468,0.25208598375320435,0.31133803725242615,0.09409237653017044,0.24545398354530334,0.3067448139190674,37.50043296813965
model 234,Generalized Bell,3,0.0005,128,500,0.09625504165887833,0.2503584921360016,0.3102499544620514,0.09433429688215256,0.24519416689872742,0.3071388900279999,56.46714925765991
model 235,Generalized Bell,4,0.0005,128,500,0.09682410955429077,0.2516758143901825,0.3111657202243805,0.09450223296880722,0.24584907293319702,0.30741214752197266,151.52078700065613
model 236,Generalized Bell,5,0.0005,128,500,0.08998939394950867,0.24062836170196533,0.29998230934143066,0.08852384239435196,0.23589873313903809,0.29752957820892334,357.9857461452484
model 237,Smoothed Triangular,2,0.0005,128,500,20.565492630004883,4.256309509277344,4.534919261932373,20.336103439331055,4.231235980987549,4.509556770324707,39.95012617111206
model 238,Smoothed Triangular,3,0.0005,128,500,20.565481185913086,4.256308078765869,4.534917831420898,20.336090087890625,4.231234550476074,4.509555339813232,59.58097577095032
model 239,Smoothed Triangular,4,0.0005,128,500,0.15344780683517456,0.3107447624206543,0.3917241394519806,0.14388610422611237,0.2939494550228119,0.37932321429252625,155.66077208518982
model 240,Smoothed Triangular,5,0.0005,128,500,0.10331863164901733,0.2602534592151642,0.3214321434497833,0.10069979727268219,0.2546030879020691,0.31733232736587524,389.5382306575775
model 241,Gaussian,2,0.001,128,500,0.09815271943807602,0.2534913420677185,0.31329333782196045,0.09588151425123215,0.24851392209529877,0.30964741110801697,35.2001268863678
model 242,Gaussian,3,0.001,128,500,0.09863995760679245,0.2541576027870178,0.3140699863433838,0.09530778229236603,0.24594806134700775,0.30871957540512085,53.76655554771423
model 243,Gaussian,4,0.001,128,500,0.09240707755088806,0.2482970952987671,0.3039853274822235,0.09306429326534271,0.24819323420524597,0.3050644099712372,146.49235796928406
model 244,Gaussian,5,0.001,128,500,0.09936139732599258,0.25522640347480774,0.31521642208099365,0.09625732898712158,0.24770955741405487,0.31025364995002747,355.787859916687
model 245,Generalized Bell,2,0.001,128,500,0.0971541628241539,0.25261175632476807,0.3116956353187561,0.09441402554512024,0.24623796343803406,0.3072686493396759,36.9995334148407
model 246,Generalized Bell,3,0.001,128,500,0.09960030764341354,0.2553498148918152,0.3155951499938965,0.09771240502595901,0.25102779269218445,0.3125898241996765,56.14840626716614
model 247,Generalized Bell,4,0.001,128,500,0.09219608455896378,0.24548804759979248,0.3036380708217621,0.08952636271715164,0.23928891122341156,0.2992095649242401,153.53415417671204
model 248,Generalized Bell,5,0.001,128,500,0.09462536871433258,0.2493465691804886,0.3076123595237732,0.09248446673154831,0.243801549077034,0.30411258339881897,360.51659417152405
model 249,Smoothed Triangular,2,0.001,128,500,20.56548309326172,4.256308078765869,4.534918308258057,20.33609962463379,4.231235504150391,4.509556293487549,39.84991526603699
model 250,Smoothed Triangular,3,0.001,128,500,0.4429524838924408,0.4534775912761688,0.6655467748641968,0.42976903915405273,0.44542092084884644,0.6555677056312561,59.52366089820862
model 251,Smoothed Triangular,4,0.001,128,500,0.11225494742393494,0.2741783559322357,0.3350446820259094,0.10572879016399384,0.2658376395702362,0.32515963912010193,155.65990710258484
model 252,Smoothed Triangular,5,0.001,128,500,0.09847074002027512,0.254471093416214,0.31380048394203186,0.09282056242227554,0.2478027492761612,0.304664671421051,365.2169165611267
model 253,Gaussian,2,0.0001,32,500,0.10078678280115128,0.2570779025554657,0.3174693286418915,0.09874700009822845,0.25414571166038513,0.31424036622047424,76.67348289489746
model 254,Gaussian,3,0.0001,32,500,0.09819819778203964,0.2533310353755951,0.3133659064769745,0.09529756009578705,0.24690112471580505,0.3087030351161957,110.94976496696472
model 255,Gaussian,4,0.0001,32,500,0.101667620241642,0.2579517662525177,0.31885361671447754,0.09858845174312592,0.2515731453895569,0.31398797035217285,202.14996647834778
model 256,Gaussian,5,0.0001,32,500,0.09885785728693008,0.2543749511241913,0.31441670656204224,0.09524858742952347,0.24504514038562775,0.30862370133399963,383.4592728614807
model 257,Generalized Bell,2,0.0001,32,500,0.10169792175292969,0.25674962997436523,0.3189011216163635,0.09809567779302597,0.2490752637386322,0.31320229172706604,80.43083548545837
model 258,Generalized Bell,3,0.0001,32,500,0.09656299650669098,0.25068771839141846,0.31074586510658264,0.09402188658714294,0.2445557713508606,0.30662989616394043,118.68371105194092
model 259,Generalized Bell,4,0.0001,32,500,0.09485891461372375,0.24859945476055145,0.30799174308776855,0.09309465438127518,0.2438281625509262,0.30511417984962463,213.80150389671326
model 260,Generalized Bell,5,0.0001,32,500,0.09692327678203583,0.251689612865448,0.3113250434398651,0.09523069113492966,0.24774840474128723,0.3085947036743164,398.283483505249
model 261,Smoothed Triangular,2,0.0001,32,500,20.565486907958984,4.256308555603027,4.534918785095215,20.33610725402832,4.231235980987549,4.509557247161865,86.6831214427948
model 262,Smoothed Triangular,3,0.0001,32,500,13.732244491577148,3.533967971801758,3.7057042121887207,13.582948684692383,3.5145013332366943,3.6855051517486572,134.24804425239563
model 263,Smoothed Triangular,4,0.0001,32,500,9.56335735321045,2.9686014652252197,3.092467784881592,9.467878341674805,2.9524648189544678,3.0769917964935303,231.2969627380371
model 264,Smoothed Triangular,5,0.0001,32,500,20.565431594848633,4.256302833557129,4.534912586212158,20.336040496826172,4.231229305267334,4.509550094604492,421.71976137161255
model 265,Gaussian,2,0.0005,32,500,0.09705234318971634,0.2523999810218811,0.31153225898742676,0.09430210292339325,0.24577976763248444,0.3070864677429199,76.11692237854004
model 266,Gaussian,3,0.0005,32,500,0.0933438315987587,0.25025415420532227,0.30552223324775696,0.09321077913045883,0.24846357107162476,0.3053044080734253,110.58777523040771
model 267,Gaussian,4,0.0005,32,500,0.09520232677459717,0.24938863515853882,0.3085487484931946,0.09285198152065277,0.24388530850410461,0.30471622943878174,201.5275535583496
model 268,Gaussian,5,0.0005,32,500,0.09644678980112076,0.25142431259155273,0.31055882573127747,0.09381438791751862,0.24551565945148468,0.3062913417816162,379.7696313858032
model 269,Generalized Bell,2,0.0005,32,500,0.09775616973638535,0.25342920422554016,0.3126598298549652,0.09532073885202408,0.24890746176242828,0.3087405562400818,80.00041270256042
model 270,Generalized Bell,3,0.0005,32,500,0.09446293115615845,0.2486097663640976,0.30734822154045105,0.09248480945825577,0.24311962723731995,0.30411314964294434,120.83394026756287
model 271,Generalized Bell,4,0.0005,32,500,0.09216354042291641,0.24504752457141876,0.303584486246109,0.09007987380027771,0.23896871507167816,0.30013307929039,214.39413809776306
model 272,Generalized Bell,5,0.0005,32,500,0.0951365977525711,0.24926479160785675,0.30844220519065857,0.09292613714933395,0.24361005425453186,0.3048378825187683,400.7865369319916
model 273,Smoothed Triangular,2,0.0005,32,500,3.3684749603271484,1.8060088157653809,1.8353404998779297,3.3082826137542725,1.7904359102249146,1.8188685178756714,87.41608142852783
model 274,Smoothed Triangular,3,0.0005,32,500,20.56542205810547,4.256302356719971,4.534911632537842,20.336034774780273,4.231228828430176,4.509549140930176,135.9008228778839
model 275,Smoothed Triangular,4,0.0005,32,500,0.10332262516021729,0.26024898886680603,0.32143837213516235,0.09967051446437836,0.2524881362915039,0.31570637226104736,227.887127161026
model 276,Smoothed Triangular,5,0.0005,32,500,0.105849489569664,0.2631385028362274,0.3253451883792877,0.10175243020057678,0.2543811500072479,0.31898656487464905,421.57858872413635
model 277,Gaussian,2,0.001,32,500,0.09628327190876007,0.2508885860443115,0.3102954626083374,0.09375392645597458,0.24464501440525055,0.30619263648986816,76.02383089065552
model 278,Gaussian,3,0.001,32,500,0.09641794860363007,0.2509971261024475,0.31051239371299744,0.09362515807151794,0.24503888189792633,0.3059822916984558,110.69770789146423
model 279,Gaussian,4,0.001,32,500,0.09723582118749619,0.25244006514549255,0.31182658672332764,0.09494252502918243,0.2464618980884552,0.3081274628639221,201.88215804100037
model 280,Gaussian,5,0.001,32,500,0.09677229821681976,0.25154927372932434,0.3110824525356293,0.09428872168064117,0.24597999453544617,0.3070646822452545,386.1863970756531
model 281,Generalized Bell,2,0.001,32,500,0.09170670807361603,0.2449483424425125,0.30283114314079285,0.08967380225658417,0.23996223509311676,0.299455851316452,80.80589413642883
model 282,Generalized Bell,3,0.001,32,500,0.09616710990667343,0.251450777053833,0.3101082146167755,0.09390261024236679,0.24690404534339905,0.30643531680107117,120.18394136428833
model 283,Generalized Bell,4,0.001,32,500,0.09504303336143494,0.24939095973968506,0.3082905113697052,0.09243965148925781,0.24316567182540894,0.3040389120578766,213.45461678504944
model 284,Generalized Bell,5,0.001,32,500,0.09364687651395798,0.24706652760505676,0.30601778626441956,0.09151959419250488,0.24113376438617706,0.30252206325531006,398.3721182346344
model 285,Smoothed Triangular,2,0.001,32,500,0.10591672360897064,0.26331281661987305,0.32544848322868347,0.10187066346406937,0.25480127334594727,0.31917184591293335,89.70531964302063
model 286,Smoothed Triangular,3,0.001,32,500,0.10419752448797226,0.26122215390205383,0.32279640436172485,0.10037613660097122,0.25234875082969666,0.3168219327926636,131.98817610740662
model 287,Smoothed Triangular,4,0.001,32,500,20.565126419067383,4.256275177001953,4.534878730773926,20.33574104309082,4.231199264526367,4.509516716003418,228.76820039749146
model 288,Smoothed Triangular,5,0.001,32,500,0.10312744230031967,0.25978273153305054,0.32113462686538696,0.09950658679008484,0.25091639161109924,0.3154466450214386,419.10317945480347
model 289,Gaussian,2,0.0001,64,500,0.10579162836074829,0.2631397545337677,0.32525625824928284,0.10179364681243896,0.2546350955963135,0.31905117630958557,46.51432251930237
model 290,Gaussian,3,0.0001,64,500,0.09980589896440506,0.25512444972991943,0.31592071056365967,0.09687323123216629,0.24855981767177582,0.3112446367740631,70.9834291934967
model 291,Gaussian,4,0.0001,64,500,0.10322268307209015,0.25833627581596375,0.32128286361694336,0.10157082229852676,0.25672411918640137,0.31870177388191223,183.68459558486938
model 292,Gaussian,5,0.0001,64,500,0.10155337303876877,0.25780078768730164,0.31867438554763794,0.09810854494571686,0.25004589557647705,0.31322282552719116,436.8797285556793
model 293,Generalized Bell,2,0.0001,64,500,0.0997755154967308,0.2553116977214813,0.3158726394176483,0.09785955399274826,0.2525883913040161,0.31282511353492737,48.94388246536255
model 294,Generalized Bell,3,0.0001,64,500,0.09932421892881393,0.25296181440353394,0.3151574432849884,0.09660239517688751,0.24674008786678314,0.31080925464630127,76.8430962562561
model 295,Generalized Bell,4,0.0001,64,500,0.10307949036359787,0.25492632389068604,0.3210599422454834,0.10160192847251892,0.25039413571357727,0.3187505602836609,188.72527384757996
model 296,Generalized Bell,5,0.0001,64,500,0.10208901017904282,0.25491970777511597,0.3195137083530426,0.10052677243947983,0.25087642669677734,0.31705957651138306,435.9860920906067
model 297,Smoothed Triangular,2,0.0001,64,500,19.87378692626953,4.186175346374512,4.45800256729126,19.625476837158203,4.1595330238342285,4.430065155029297,53.48080897331238
model 298,Smoothed Triangular,3,0.0001,64,500,15.624536514282227,3.7732512950897217,3.9527883529663086,15.477564811706543,3.755037307739258,3.9341535568237305,82.35074210166931
model 299,Smoothed Triangular,4,0.0001,64,500,16.56427764892578,3.829275608062744,4.069923400878906,16.384580612182617,3.8078694343566895,4.047787189483643,203.28849864006042
model 300,Smoothed Triangular,5,0.0001,64,500,9.802639961242676,3.0106990337371826,3.1309168338775635,9.520294189453125,2.9746923446655273,3.0854973793029785,447.2699580192566
model 301,Gaussian,2,0.0005,64,500,0.1021462231874466,0.2587449252605438,0.31960323452949524,0.09832161664962769,0.24953605234622955,0.3135627806186676,46.41700530052185
model 302,Gaussian,3,0.0005,64,500,0.09781661629676819,0.25299400091171265,0.3127564787864685,0.09460818767547607,0.24478779733181,0.3075844347476959,71.0280487537384
model 303,Gaussian,4,0.0005,64,500,0.09806831926107407,0.25292617082595825,0.31315863132476807,0.09432066977024078,0.24396806955337524,0.30711671710014343,186.48473024368286
model 304,Gaussian,5,0.0005,64,500,0.096865713596344,0.25149327516555786,0.3112325668334961,0.09426243603229523,0.24553553760051727,0.3070218861103058,427.0437650680542
model 305,Generalized Bell,2,0.0005,64,500,0.09647490829229355,0.2512425184249878,0.3106040954589844,0.09416083991527557,0.2453220784664154,0.3068563938140869,48.60197162628174
model 306,Generalized Bell,3,0.0005,64,500,0.09603183716535568,0.2505028247833252,0.3098900318145752,0.09362392127513885,0.24458174407482147,0.30598026514053345,77.4428162574768
model 307,Generalized Bell,4,0.0005,64,500,0.09556687623262405,0.24993516504764557,0.3091389238834381,0.09331858158111572,0.2444763481616974,0.3054808974266052,191.25145268440247
model 308,Generalized Bell,5,0.0005,64,500,0.09133049100637436,0.24549861252307892,0.30220934748649597,0.09005468338727951,0.24054911732673645,0.30009111762046814,438.81758642196655
model 309,Smoothed Triangular,2,0.0005,64,500,9.352066040039062,3.0273032188415527,3.058114767074585,9.259252548217773,3.0124711990356445,3.0429019927978516,53.00045824050903
model 310,Smoothed Triangular,3,0.0005,64,500,20.565452575683594,4.2563066482543945,4.534914970397949,20.33607292175293,4.231232643127441,4.5095534324646,82.50065088272095
model 311,Smoothed Triangular,4,0.0005,64,500,20.56540298461914,4.256300449371338,4.534909248352051,20.336017608642578,4.231226921081543,4.509547233581543,197.79595279693604
model 312,Smoothed Triangular,5,0.0005,64,500,0.10582440346479416,0.26305270195007324,0.32530662417411804,0.10168217867612839,0.25452694296836853,0.3188764452934265,455.9258818626404
model 313,Gaussian,2,0.001,64,500,0.10259111225605011,0.25940054655075073,0.3202984631061554,0.09927473962306976,0.2533683478832245,0.3150789439678192,46.92867302894592
model 314,Gaussian,3,0.001,64,500,0.09913811087608337,0.2553901970386505,0.31486204266548157,0.09759141504764557,0.25147587060928345,0.31239625811576843,71.2812077999115
model 315,Gaussian,4,0.001,64,500,0.09739112854003906,0.25263166427612305,0.31207552552223206,0.09436240792274475,0.2449512630701065,0.307184636592865,182.5677752494812
model 316,Gaussian,5,0.001,64,500,0.09682256728410721,0.25202837586402893,0.3111632466316223,0.0945214107632637,0.24590907990932465,0.3074433505535126,439.51970744132996
model 317,Generalized Bell,2,0.001,64,500,0.09930647164583206,0.2553158402442932,0.31512928009033203,0.0969969630241394,0.250501424074173,0.31144335865974426,49.53048586845398
model 318,Generalized Bell,3,0.001,64,500,0.09617462754249573,0.25078704953193665,0.3101203441619873,0.09384565055370331,0.24502912163734436,0.30634236335754395,76.50027871131897
model 319,Generalized Bell,4,0.001,64,500,0.09613271802663803,0.25063034892082214,0.310052752494812,0.09356585890054703,0.24432937800884247,0.305885374546051,189.051451921463
model 320,Generalized Bell,5,0.001,64,500,0.09427931904792786,0.24862773716449738,0.30704936385154724,0.09184437245130539,0.24252817034721375,0.30305835604667664,442.636878490448
model 321,Smoothed Triangular,2,0.001,64,500,20.56547737121582,4.256308078765869,4.53491735458374,20.336088180541992,4.231234073638916,4.509555339813232,52.70741271972656
model 322,Smoothed Triangular,3,0.001,64,500,0.10371889173984528,0.26070070266723633,0.3220541775226593,0.09998470544815063,0.2527121901512146,0.31620359420776367,82.86691451072693
model 323,Smoothed Triangular,4,0.001,64,500,0.103297658264637,0.2600075304508209,0.3213995397090912,0.09964127838611603,0.2511822581291199,0.3156600594520569,201.50226998329163
model 324,Smoothed Triangular,5,0.001,64,500,20.565134048461914,4.25627326965332,4.534879684448242,20.335752487182617,4.231201171875,4.509518146514893,444.82623076438904
